"../../../Engine/Plugins/2D/Paper2D/Content/PlaceholderTextures/DummySpriteTexture.ubulk" 0
"../../../Engine/Plugins/2D/Paper2D/Content/PlaceholderTextures/DummySpriteTexture.uasset" 1
"../../../Engine/Plugins/2D/Paper2D/Content/PlaceholderTextures/DummySpriteTexture.uexp" 2
"../../../Engine/Plugins/2D/Paper2D/Content/DummySprite.uasset" 3
"../../../Engine/Plugins/2D/Paper2D/Content/DummySprite.uexp" 4
"../../../Engine/Plugins/2D/Paper2D/Content/DefaultPaperTerrainMaterial.uasset" 5
"../../../Engine/Plugins/2D/Paper2D/Content/DefaultPaperTerrainMaterial.uexp" 6
"../../../Engine/Content/Animation/DefaultRecorderBoneCompression.uasset" 7
"../../../Engine/Content/Animation/DefaultRecorderBoneCompression.uexp" 8
"../../../Engine/Content/EngineFonts/Faces/DroidSansFallback.uexp" 9
"../../../Engine/Content/EngineFonts/Faces/DroidSansFallback.uasset" 10
"../../../Engine/Content/EngineFonts/Faces/DroidSansFallback.ufont" 11
"../../../Engine/Content/EngineFonts/Faces/RobotoBold.uexp" 12
"../../../Engine/Content/EngineFonts/Faces/RobotoBold.uasset" 13
"../../../Engine/Content/EngineFonts/Faces/RobotoBold.ufont" 14
"../../../Engine/Content/EngineFonts/Faces/RobotoBoldItalic.uexp" 15
"../../../Engine/Content/EngineFonts/Faces/RobotoBoldItalic.uasset" 16
"../../../Engine/Content/EngineFonts/Faces/RobotoBoldItalic.ufont" 17
"../../../Engine/Content/EngineFonts/Faces/RobotoItalic.uexp" 18
"../../../Engine/Content/EngineFonts/Faces/RobotoItalic.uasset" 19
"../../../Engine/Content/EngineFonts/Faces/RobotoItalic.ufont" 20
"../../../Engine/Content/EngineFonts/Faces/RobotoLight.uexp" 21
"../../../Engine/Content/EngineFonts/Faces/RobotoLight.uasset" 22
"../../../Engine/Content/EngineFonts/Faces/RobotoLight.ufont" 23
"../../../Engine/Content/EngineFonts/Faces/RobotoRegular.uexp" 24
"../../../Engine/Content/EngineFonts/Faces/RobotoRegular.uasset" 25
"../../../Engine/Content/EngineFonts/Faces/RobotoRegular.ufont" 26
"../../../Engine/Content/EngineFonts/Roboto.uasset" 27
"../../../Engine/Content/EngineFonts/Roboto.uexp" 28
"../../../Engine/Content/EngineMaterials/DefaultDestructiblePhysicalMaterial.uasset" 29
"../../../Engine/Content/EngineMaterials/DefaultDestructiblePhysicalMaterial.uexp" 30
"../../../Engine/Content/EngineMaterials/DefaultPhysicalMaterial.uasset" 31
"../../../Engine/Content/EngineMaterials/DefaultPhysicalMaterial.uexp" 32
"../../../Engine/Content/EngineSounds/Master.uasset" 33
"../../../Engine/Content/EngineSounds/Master.uexp" 34
"../../../Engine/Plugins/Animation/ControlRig/Content/Controls/DefaultGizmoLibraryNormalized.uasset" 35
"../../../Engine/Plugins/Animation/ControlRig/Content/Controls/DefaultGizmoLibraryNormalized.uexp" 36
"../../../Engine/Plugins/NNE/NNEDenoiser/Content/NNEDTIM_ColorAlbedoNormal_Alpha.uasset" 37
"../../../Engine/Plugins/NNE/NNEDenoiser/Content/NNEDTIM_ColorAlbedoNormal_Alpha.uexp" 38
"../../../Engine/Plugins/NNE/NNEDenoiser/Content/NNEDTIM_ColorAlbedoNormal_Default.uasset" 39
"../../../Engine/Plugins/NNE/NNEDenoiser/Content/NNEDTIM_ColorAlbedoNormal_Default.uexp" 40
"../../../Engine/Plugins/NNE/NNEDenoiser/Content/NNEDTOM_Output_Alpha.uasset" 41
"../../../Engine/Plugins/NNE/NNEDenoiser/Content/NNEDTOM_Output_Alpha.uexp" 42
"../../../Engine/Plugins/NNE/NNEDenoiser/Content/NNEDTOM_Output_Default.uasset" 43
"../../../Engine/Plugins/NNE/NNEDenoiser/Content/NNEDTOM_Output_Default.uexp" 44
"../../../Engine/Plugins/NNE/NNEDenoiser/Content/NNEDT_Oidn2-3_Balanced.uasset" 45
"../../../Engine/Plugins/NNE/NNEDenoiser/Content/NNEDT_Oidn2-3_Balanced.uexp" 46
"../../../Engine/Plugins/NNE/NNEDenoiser/Content/NNEDT_Oidn2-3_Balanced_Alpha.uasset" 47
"../../../Engine/Plugins/NNE/NNEDenoiser/Content/NNEDT_Oidn2-3_Balanced_Alpha.uexp" 48
"../../../Engine/Plugins/NNE/NNEDenoiser/Content/NNED_Oidn2-3_Balanced.uasset" 49
"../../../Engine/Plugins/NNE/NNEDenoiser/Content/NNED_Oidn2-3_Balanced.uexp" 50
"../../../Engine/Plugins/NNE/NNEDenoiser/Content/NNED_Oidn2-3_Balanced_Alpha.uasset" 51
"../../../Engine/Plugins/NNE/NNEDenoiser/Content/NNED_Oidn2-3_Balanced_Alpha.uexp" 52
"../../../Engine/Plugins/NNE/NNEDenoiser/Content/NNED_Oidn2-3_Fast.uasset" 53
"../../../Engine/Plugins/NNE/NNEDenoiser/Content/NNED_Oidn2-3_Fast.uexp" 54
"../../../Engine/Plugins/NNE/NNEDenoiser/Content/NNED_Oidn2-3_Fast_Alpha.uasset" 55
"../../../Engine/Plugins/NNE/NNEDenoiser/Content/NNED_Oidn2-3_Fast_Alpha.uexp" 56
"../../../Engine/Plugins/NNE/NNEDenoiser/Content/NNED_Oidn2-3_HighQuality.uasset" 57
"../../../Engine/Plugins/NNE/NNEDenoiser/Content/NNED_Oidn2-3_HighQuality.uexp" 58
"../../../Engine/Plugins/NNE/NNEDenoiser/Content/NNED_Oidn2-3_HighQuality_Alpha.uasset" 59
"../../../Engine/Plugins/NNE/NNEDenoiser/Content/NNED_Oidn2-3_HighQuality_Alpha.uexp" 60
"../../../Engine/Plugins/NNE/NNEDenoiser/Content/NNE_oidn2-3-0_rt_hdr_alb_nrm_small__dyn__fp16_opset11_DenoiseAlpha.uasset" 61
"../../../Engine/Plugins/NNE/NNEDenoiser/Content/NNE_oidn2-3-0_rt_hdr_alb_nrm_small__dyn__fp16_opset11_DenoiseAlpha.uexp" 62
"../../../Engine/Plugins/NNE/NNEDenoiser/Content/NNE_oidn2-3-0_rt_hdr_alb_nrm_small__dyn__fp16_opset11_ForwardAlpha.uasset" 63
"../../../Engine/Plugins/NNE/NNEDenoiser/Content/NNE_oidn2-3-0_rt_hdr_alb_nrm_small__dyn__fp16_opset11_ForwardAlpha.uexp" 64
"../../../Engine/Plugins/NNE/NNEDenoiser/Content/NNE_oidn2-3-0_rt_hdr_alb_nrm__dyn__fp16_opset11_DenoiseAlpha.uasset" 65
"../../../Engine/Plugins/NNE/NNEDenoiser/Content/NNE_oidn2-3-0_rt_hdr_alb_nrm__dyn__fp16_opset11_DenoiseAlpha.uexp" 66
"../../../Engine/Plugins/NNE/NNEDenoiser/Content/NNE_oidn2-3-0_rt_hdr_alb_nrm__dyn__fp16_opset11_ForwardAlpha.uasset" 67
"../../../Engine/Plugins/NNE/NNEDenoiser/Content/NNE_oidn2-3-0_rt_hdr_alb_nrm__dyn__fp16_opset11_ForwardAlpha.uexp" 68
"../../../Engine/Plugins/NNE/NNEDenoiser/Content/NNE_oidn2-3-0_rt_hdr_calb_cnrm_large__dyn__fp16_opset11_DenoiseAlpha.uasset" 69
"../../../Engine/Plugins/NNE/NNEDenoiser/Content/NNE_oidn2-3-0_rt_hdr_calb_cnrm_large__dyn__fp16_opset11_DenoiseAlpha.uexp" 70
"../../../Engine/Plugins/NNE/NNEDenoiser/Content/NNE_oidn2-3-0_rt_hdr_calb_cnrm_large__dyn__fp16_opset11_ForwardAlpha.uasset" 71
"../../../Engine/Plugins/NNE/NNEDenoiser/Content/NNE_oidn2-3-0_rt_hdr_calb_cnrm_large__dyn__fp16_opset11_ForwardAlpha.uexp" 72
"../../../Engine/Plugins/2D/Paper2D/Content/DefaultSpriteMaterial.uasset" 73
"../../../Engine/Plugins/2D/Paper2D/Content/DefaultSpriteMaterial.uexp" 74
"../../../Engine/Plugins/2D/Paper2D/Content/MaskedUnlitSpriteMaterial.uasset" 75
"../../../Engine/Plugins/2D/Paper2D/Content/MaskedUnlitSpriteMaterial.uexp" 76
"../../../Engine/Plugins/2D/Paper2D/Content/OpaqueUnlitSpriteMaterial.uasset" 77
"../../../Engine/Plugins/2D/Paper2D/Content/OpaqueUnlitSpriteMaterial.uexp" 78
"../../../Engine/Content/BasicShapes/BasicShapeMaterial.uasset" 79
"../../../Engine/Content/BasicShapes/BasicShapeMaterial.uexp" 80
"../../../Engine/Content/Functions/Engine_MaterialFunctions02/WorldPositionOffset/CameraOffset.uasset" 81
"../../../Engine/Content/Functions/Engine_MaterialFunctions02/WorldPositionOffset/CameraOffset.uexp" 82
"../../../Engine/Plugins/Animation/ControlRig/Content/M_Manip.uasset" 83
"../../../Engine/Plugins/Animation/ControlRig/Content/M_Manip.uexp" 84
"../../../Engine/Content/EngineMaterials/T_Default_Material_Grid_M.ubulk" 85
"../../../Engine/Content/EngineMaterials/T_Default_Material_Grid_M.uasset" 86
"../../../Engine/Content/EngineMaterials/T_Default_Material_Grid_M.uexp" 87
"../../../Engine/Content/EngineMaterials/T_Default_Material_Grid_N.ubulk" 88
"../../../Engine/Content/EngineMaterials/T_Default_Material_Grid_N.uasset" 89
"../../../Engine/Content/EngineMaterials/T_Default_Material_Grid_N.uexp" 90
"../../../Engine/Content/Functions/Engine_MaterialFunctions01/Opacity/CameraDepthFade.uasset" 91
"../../../Engine/Content/Functions/Engine_MaterialFunctions01/Opacity/CameraDepthFade.uexp" 92
"../../../Engine/Content/EngineMaterials/DefaultMaterial.uasset" 93
"../../../Engine/Content/EngineMaterials/DefaultMaterial.uexp" 94
"../../../Engine/Content/BasicShapes/Cone.ubulk" 95
"../../../Engine/Content/BasicShapes/Cone.uasset" 96
"../../../Engine/Content/BasicShapes/Cone.uexp" 97
"../../../Engine/Content/EditorLandscapeResources/DefaultAlphaTexture.uasset" 98
"../../../Engine/Content/EditorLandscapeResources/DefaultAlphaTexture.uexp" 99
"../../../Engine/Content/EditorLandscapeResources/ColorMaskBrushMaterial.uasset" 100
"../../../Engine/Content/EditorLandscapeResources/ColorMaskBrushMaterial.uexp" 101
"../../../Engine/Content/EditorLandscapeResources/ColorMaskBrushMaterial_MaskedRegion.uasset" 102
"../../../Engine/Content/EditorLandscapeResources/ColorMaskBrushMaterial_MaskedRegion.uexp" 103
"../../../Engine/Content/BasicShapes/Cylinder.ubulk" 104
"../../../Engine/Content/BasicShapes/Cylinder.uasset" 105
"../../../Engine/Content/BasicShapes/Cylinder.uexp" 106
"../../../Engine/Content/BasicShapes/Sphere.ubulk" 107
"../../../Engine/Content/BasicShapes/Sphere.uasset" 108
"../../../Engine/Content/BasicShapes/Sphere.uexp" 109
"../../../Engine/Content/EngineDamageTypes/DmgTypeBP_Environmental.uasset" 110
"../../../Engine/Content/EngineDamageTypes/DmgTypeBP_Environmental.uexp" 111
"../../../Engine/Content/EditorResources/BSPVertex.uasset" 112
"../../../Engine/Content/EditorResources/BSPVertex.uexp" 113
"../../../Engine/Content/EditorMaterials/PhAT_NoCollisionMaterial.uasset" 114
"../../../Engine/Content/EditorMaterials/PhAT_NoCollisionMaterial.uexp" 115
"../../../Engine/Content/EditorMaterials/PhAT_UnselectedMaterial.uasset" 116
"../../../Engine/Content/EditorMaterials/PhAT_UnselectedMaterial.uexp" 117
"../../../Engine/Content/EditorMaterials/PreviewShadowIndicator.ubulk" 118
"../../../Engine/Content/EditorMaterials/PreviewShadowIndicator.uasset" 119
"../../../Engine/Content/EditorMaterials/PreviewShadowIndicator.uexp" 120
"../../../Engine/Content/EditorMaterials/PreviewShadowIndicatorMaterial.uasset" 121
"../../../Engine/Content/EditorMaterials/PreviewShadowIndicatorMaterial.uexp" 122
"../../../Engine/Content/EngineDebugMaterials/DebugEditorMaterial.uasset" 123
"../../../Engine/Content/EngineDebugMaterials/DebugEditorMaterial.uexp" 124
"../../../Engine/Content/EditorLandscapeResources/LandscapeDirtyMaterial.uasset" 125
"../../../Engine/Content/EditorLandscapeResources/LandscapeDirtyMaterial.uexp" 126
"../../../Engine/Content/EngineDebugMaterials/DebugMeshMaterial.uasset" 127
"../../../Engine/Content/EngineDebugMaterials/DebugMeshMaterial.uexp" 128
"../../../Engine/Content/EngineMaterials/WorldGridMaterial.uasset" 129
"../../../Engine/Content/EngineMaterials/WorldGridMaterial.uexp" 130
"../../../Engine/Plugins/Media/MediaPlate/Content/SM_MediaPlateScreen.ubulk" 131
"../../../Engine/Plugins/Media/MediaPlate/Content/SM_MediaPlateScreen.uasset" 132
"../../../Engine/Plugins/Media/MediaPlate/Content/SM_MediaPlateScreen.uexp" 133
"../../../Engine/Content/EngineMaterials/MiniFont.uasset" 134
"../../../Engine/Content/EngineMaterials/MiniFont.uexp" 135
"../../../Engine/Plugins/NNE/NNEDenoiser/Content/NNEDIM_ColorAlbedoNormal_Alpha.uasset" 136
"../../../Engine/Plugins/NNE/NNEDenoiser/Content/NNEDIM_ColorAlbedoNormal_Alpha.uexp" 137
"../../../Engine/Plugins/NNE/NNEDenoiser/Content/NNEDIM_ColorAlbedoNormal_Default.uasset" 138
"../../../Engine/Plugins/NNE/NNEDenoiser/Content/NNEDIM_ColorAlbedoNormal_Default.uexp" 139
"../../../Engine/Plugins/NNE/NNEDenoiser/Content/NNEDIM_HighQuality_Alpha.uasset" 140
"../../../Engine/Plugins/NNE/NNEDenoiser/Content/NNEDIM_HighQuality_Alpha.uexp" 141
"../../../Engine/Content/EditorResources/S_Actor.ubulk" 142
"../../../Engine/Content/EditorResources/S_Actor.uasset" 143
"../../../Engine/Content/EditorResources/S_Actor.uexp" 144
"../../../Engine/Plugins/NNE/NNEDenoiser/Content/NNEDIM_HighQuality_Default.uasset" 145
"../../../Engine/Plugins/NNE/NNEDenoiser/Content/NNEDIM_HighQuality_Default.uexp" 146
"../../../Engine/Plugins/NNE/NNEDenoiser/Content/NNEDOM_Output_Alpha.uasset" 147
"../../../Engine/Plugins/NNE/NNEDenoiser/Content/NNEDOM_Output_Alpha.uexp" 148
"../../../Engine/Plugins/NNE/NNEDenoiser/Content/NNEDOM_Output_Default.uasset" 149
"../../../Engine/Plugins/NNE/NNEDenoiser/Content/NNEDOM_Output_Default.uexp" 150
"../../../Engine/Content/EngineMaterials/InvalidLightmapSettings.ubulk" 151
"../../../Engine/Content/EngineMaterials/InvalidLightmapSettings.uasset" 152
"../../../Engine/Content/EngineMaterials/InvalidLightmapSettings.uexp" 153
"../../../Engine/Content/EngineMaterials/M_InvalidLightmapSettings.uasset" 154
"../../../Engine/Content/EngineMaterials/M_InvalidLightmapSettings.uexp" 155
"../../../Engine/Content/EngineMaterials/NaniteHiddenSectionMaterial.uasset" 156
"../../../Engine/Content/EngineMaterials/NaniteHiddenSectionMaterial.uexp" 157
"../../../Engine/Content/EditorResources/S_BoxReflectionCapture.uasset" 158
"../../../Engine/Content/EditorResources/S_BoxReflectionCapture.uexp" 159
"../../../Engine/Content/EngineMaterials/PhAT_JointLimitMaterial.uasset" 160
"../../../Engine/Content/EngineMaterials/PhAT_JointLimitMaterial.uexp" 161
"../../../Engine/Content/EngineDebugMaterials/M_SimpleUnlitTranslucent.uasset" 162
"../../../Engine/Content/EngineDebugMaterials/M_SimpleUnlitTranslucent.uexp" 163
"../../../Engine/Content/Functions/Engine_MaterialFunctions02/Utility/CameraDirectionVector.uasset" 164
"../../../Engine/Content/Functions/Engine_MaterialFunctions02/Utility/CameraDirectionVector.uexp" 165
"../../../Engine/Content/EngineDebugMaterials/VolumeToRender.uasset" 166
"../../../Engine/Content/EngineDebugMaterials/VolumeToRender.uexp" 167
"../../../Engine/Content/EngineDebugMaterials/M_VolumeRenderSphereTracePP.uasset" 168
"../../../Engine/Content/EngineDebugMaterials/M_VolumeRenderSphereTracePP.uexp" 169
"../../../Engine/Content/EngineMaterials/DefaultCalibrationColor.uasset" 170
"../../../Engine/Content/EngineMaterials/DefaultCalibrationColor.uexp" 171
"../../../Engine/Content/EngineMaterials/PPM_DefaultCalibrationColor.uasset" 172
"../../../Engine/Content/EngineMaterials/PPM_DefaultCalibrationColor.uexp" 173
"../../../Engine/Content/EngineMeshes/Sphere.ubulk" 174
"../../../Engine/Content/EngineMeshes/Sphere.uasset" 175
"../../../Engine/Content/EngineMeshes/Sphere.uexp" 176
"../../../Engine/Content/EngineMaterials/DefaultCalibrationGrayscale.uasset" 177
"../../../Engine/Content/EngineMaterials/DefaultCalibrationGrayscale.uexp" 178
"../../../Engine/Content/EngineMaterials/PPM_DefaultCalibrationGrayscale.uasset" 179
"../../../Engine/Content/EngineMaterials/PPM_DefaultCalibrationGrayscale.uexp" 180
"../../../Engine/Content/EngineMaterials/DefaultBloomKernel.uasset" 181
"../../../Engine/Content/EngineMaterials/DefaultBloomKernel.uexp" 182
"../../../Engine/Content/EngineMaterials/DefaultBokeh.uasset" 183
"../../../Engine/Content/EngineMaterials/DefaultBokeh.uexp" 184
"../../../Engine/Content/EngineMaterials/PreintegratedSkinBRDF.uasset" 185
"../../../Engine/Content/EngineMaterials/PreintegratedSkinBRDF.uexp" 186
"../../../Engine/Content/EngineMaterials/DefaultDiffuse.ubulk" 187
"../../../Engine/Content/EngineMaterials/DefaultDiffuse.uasset" 188
"../../../Engine/Content/EngineMaterials/DefaultDiffuse.uexp" 189
"../../../Engine/Content/EngineMaterials/DefaultDeferredDecalMaterial.uasset" 190
"../../../Engine/Content/EngineMaterials/DefaultDeferredDecalMaterial.uexp" 191
"../../../Engine/Content/EngineMaterials/RemoveSurfaceMaterial.uasset" 192
"../../../Engine/Content/EngineMaterials/RemoveSurfaceMaterial.uexp" 193
"../../../Engine/Content/EditorResources/S_Solver.ubulk" 194
"../../../Engine/Content/EditorResources/S_Solver.uasset" 195
"../../../Engine/Content/EditorResources/S_Solver.uexp" 196
"../../../Engine/Content/EngineMaterials/DefaultLightFunctionMaterial.uasset" 197
"../../../Engine/Content/EngineMaterials/DefaultLightFunctionMaterial.uexp" 198
"../../../Engine/Content/EditorResources/S_Terrain.ubulk" 199
"../../../Engine/Content/EditorResources/S_Terrain.uasset" 200
"../../../Engine/Content/EditorResources/S_Terrain.uexp" 201
"../../../Engine/Content/EngineMaterials/SMAAAreaTex.uasset" 202
"../../../Engine/Content/EngineMaterials/SMAAAreaTex.uexp" 203
"../../../Engine/Content/EngineMaterials/SMAASearchTex.uasset" 204
"../../../Engine/Content/EngineMaterials/SMAASearchTex.uexp" 205
"../../../Engine/Content/EditorResources/S_Trigger.ubulk" 206
"../../../Engine/Content/EditorResources/S_Trigger.uasset" 207
"../../../Engine/Content/EditorResources/S_Trigger.uexp" 208
"../../../Engine/Content/EditorResources/S_TriggerBox.uasset" 209
"../../../Engine/Content/EditorResources/S_TriggerBox.uexp" 210
"../../../Engine/Content/EditorResources/S_TriggerCapsule.uasset" 211
"../../../Engine/Content/EditorResources/S_TriggerCapsule.uexp" 212
"../../../Engine/Content/EditorResources/S_TriggerSphere.uasset" 213
"../../../Engine/Content/EditorResources/S_TriggerSphere.uexp" 214
"../../../Engine/Plugins/Animation/ControlRig/Content/Controls/ControlRigGizmoMaterial.uasset" 215
"../../../Engine/Plugins/Animation/ControlRig/Content/Controls/ControlRigGizmoMaterial.uexp" 216
"../../../Engine/Content/Functions/Engine_MaterialFunctions02/Utility/BreakOutFloat2Components.uasset" 217
"../../../Engine/Content/Functions/Engine_MaterialFunctions02/Utility/BreakOutFloat2Components.uexp" 218
"../../../Engine/Content/EngineMaterials/DefaultPostProcessMaterial.uasset" 219
"../../../Engine/Content/EngineMaterials/DefaultPostProcessMaterial.uexp" 220
"../../../Engine/Plugins/Animation/ControlRig/Content/Controls/ControlRigXRayMaterial.uasset" 221
"../../../Engine/Plugins/Animation/ControlRig/Content/Controls/ControlRigXRayMaterial.uexp" 222
"../../../Engine/Content/EngineResources/Black.uasset" 223
"../../../Engine/Content/EngineResources/Black.uexp" 224
"../../../Engine/Content/EngineFonts/RobotoDistanceField.uasset" 225
"../../../Engine/Content/EngineFonts/RobotoDistanceField.uexp" 226
"../../../Engine/Content/EngineMaterials/DefaultTextMaterialOpaque.uasset" 227
"../../../Engine/Content/EngineMaterials/DefaultTextMaterialOpaque.uexp" 228
"../../../Engine/Plugins/Animation/ControlRig/Content/Controls/ControlRig_Arrow2_1mm.ubulk" 229
"../../../Engine/Plugins/Animation/ControlRig/Content/Controls/ControlRig_Arrow2_1mm.uasset" 230
"../../../Engine/Plugins/Animation/ControlRig/Content/Controls/ControlRig_Arrow2_1mm.uexp" 231
"../../../Engine/Content/EngineMaterials/DefaultWhiteGrid.ubulk" 232
"../../../Engine/Content/EngineMaterials/DefaultWhiteGrid.uasset" 233
"../../../Engine/Content/EngineMaterials/DefaultWhiteGrid.uexp" 234
"../../../Engine/Plugins/Animation/ControlRig/Content/Controls/ControlRig_Arrow2_3mm.ubulk" 235
"../../../Engine/Plugins/Animation/ControlRig/Content/Controls/ControlRig_Arrow2_3mm.uasset" 236
"../../../Engine/Plugins/Animation/ControlRig/Content/Controls/ControlRig_Arrow2_3mm.uexp" 237
"../../../Engine/Content/Functions/Engine_MaterialFunctions01/Texturing/TextureCropping.uasset" 238
"../../../Engine/Content/Functions/Engine_MaterialFunctions01/Texturing/TextureCropping.uexp" 239
"../../../Engine/Content/Functions/Engine_MaterialFunctions02/ExampleContent/DebugNumberStrip.uasset" 240
"../../../Engine/Content/Functions/Engine_MaterialFunctions02/ExampleContent/DebugNumberStrip.uexp" 241
"../../../Engine/Content/Functions/Engine_MaterialFunctions01/Debug/DebugIntValues.uasset" 242
"../../../Engine/Content/Functions/Engine_MaterialFunctions01/Debug/DebugIntValues.uexp" 243
"../../../Engine/Content/Functions/Engine_MaterialFunctions01/Texturing/ScaleUVsByCenter.uasset" 244
"../../../Engine/Content/Functions/Engine_MaterialFunctions01/Texturing/ScaleUVsByCenter.uexp" 245
"../../../Engine/Content/Functions/Engine_MaterialFunctions02/WorldPositionOffset/LocalPosition.uasset" 246
"../../../Engine/Content/Functions/Engine_MaterialFunctions02/WorldPositionOffset/LocalPosition.uexp" 247
"../../../Engine/Content/EditorLandscapeResources/LandscapeLayerUsageMaterial.uasset" 248
"../../../Engine/Content/EditorLandscapeResources/LandscapeLayerUsageMaterial.uexp" 249
"../../../Engine/Plugins/Animation/ControlRig/Content/Controls/ControlRig_Arrow2_solid.ubulk" 250
"../../../Engine/Plugins/Animation/ControlRig/Content/Controls/ControlRig_Arrow2_solid.uasset" 251
"../../../Engine/Plugins/Animation/ControlRig/Content/Controls/ControlRig_Arrow2_solid.uexp" 252
"../../../Engine/Content/EngineResources/DefaultTextureCube.uasset" 253
"../../../Engine/Content/EngineResources/DefaultTextureCube.uexp" 254
"../../../Engine/Content/EngineMaterials/DefaultWhiteGrid_Low.uasset" 255
"../../../Engine/Content/EngineMaterials/DefaultWhiteGrid_Low.uexp" 256
"../../../Engine/Content/EngineMaterials/EmissiveMeshMaterial.uasset" 257
"../../../Engine/Content/EngineMaterials/EmissiveMeshMaterial.uexp" 258
"../../../Engine/Plugins/Animation/ControlRig/Content/Controls/ControlRig_Arrow4_1mm.ubulk" 259
"../../../Engine/Plugins/Animation/ControlRig/Content/Controls/ControlRig_Arrow4_1mm.uasset" 260
"../../../Engine/Plugins/Animation/ControlRig/Content/Controls/ControlRig_Arrow4_1mm.uexp" 261
"../../../Engine/Plugins/Animation/ControlRig/Content/Controls/ControlRig_Arrow4_3mm.ubulk" 262
"../../../Engine/Plugins/Animation/ControlRig/Content/Controls/ControlRig_Arrow4_3mm.uasset" 263
"../../../Engine/Plugins/Animation/ControlRig/Content/Controls/ControlRig_Arrow4_3mm.uexp" 264
"../../../Engine/Content/Functions/Engine_MaterialFunctions02/Utility/VectorLength.uasset" 265
"../../../Engine/Content/Functions/Engine_MaterialFunctions02/Utility/VectorLength.uexp" 266
"../../../Engine/Content/Functions/Engine_MaterialFunctions02/WorldPositionOffset/ObjectScale.uasset" 267
"../../../Engine/Content/Functions/Engine_MaterialFunctions02/WorldPositionOffset/ObjectScale.uexp" 268
"../../../Engine/Content/Functions/Engine_MaterialFunctions02/Utility/BreakOutFloat3Components.uasset" 269
"../../../Engine/Content/Functions/Engine_MaterialFunctions02/Utility/BreakOutFloat3Components.uexp" 270
"../../../Engine/Plugins/Editor/SpeedTreeImporter/Content/SpeedTree9/Empty.uasset" 271
"../../../Engine/Plugins/Editor/SpeedTreeImporter/Content/SpeedTree9/Empty.uexp" 272
"../../../Engine/Plugins/Editor/SpeedTreeImporter/Content/SpeedTree9/EmptyNormal.uasset" 273
"../../../Engine/Plugins/Editor/SpeedTreeImporter/Content/SpeedTree9/EmptyNormal.uexp" 274
"../../../Engine/Plugins/Editor/SpeedTreeImporter/Content/SpeedTree9/game_wind_noise.ubulk" 275
"../../../Engine/Plugins/Editor/SpeedTreeImporter/Content/SpeedTree9/game_wind_noise.uasset" 276
"../../../Engine/Plugins/Editor/SpeedTreeImporter/Content/SpeedTree9/game_wind_noise.uexp" 277
"../../../Engine/Content/Functions/Engine_MaterialFunctions02/SafeNormalize.uasset" 278
"../../../Engine/Content/Functions/Engine_MaterialFunctions02/SafeNormalize.uexp" 279
"../../../Engine/Plugins/Editor/SpeedTreeImporter/Content/SpeedTree9/SpeedTreeWindMotion.uasset" 280
"../../../Engine/Plugins/Editor/SpeedTreeImporter/Content/SpeedTree9/SpeedTreeWindMotion.uexp" 281
"../../../Engine/Plugins/Editor/SpeedTreeImporter/Content/SpeedTree9/UnpackDirection.uasset" 282
"../../../Engine/Plugins/Editor/SpeedTreeImporter/Content/SpeedTree9/UnpackDirection.uexp" 283
"../../../Engine/Plugins/Editor/SpeedTreeImporter/Content/SpeedTree9/UnpackInteger3.uasset" 284
"../../../Engine/Plugins/Editor/SpeedTreeImporter/Content/SpeedTree9/UnpackInteger3.uexp" 285
"../../../Engine/Plugins/Editor/SpeedTreeImporter/Content/SpeedTree9/SpeedTreeBranchMotion.uasset" 286
"../../../Engine/Plugins/Editor/SpeedTreeImporter/Content/SpeedTree9/SpeedTreeBranchMotion.uexp" 287
"../../../Engine/Content/Functions/Engine_MaterialFunctions02/ObjectLocalBounds.uasset" 288
"../../../Engine/Content/Functions/Engine_MaterialFunctions02/ObjectLocalBounds.uexp" 289
"../../../Engine/Content/Functions/Engine_MaterialFunctions02/UVs/BoundingBoxBased_0-1_UVW.uasset" 290
"../../../Engine/Content/Functions/Engine_MaterialFunctions02/UVs/BoundingBoxBased_0-1_UVW.uexp" 291
"../../../Engine/Plugins/Editor/SpeedTreeImporter/Content/SpeedTree9/SpeedTreeWind.uasset" 292
"../../../Engine/Plugins/Editor/SpeedTreeImporter/Content/SpeedTree9/SpeedTreeWind.uexp" 293
"../../../Engine/Plugins/Editor/SpeedTreeImporter/Content/SpeedTree9/SpeedTreeCameraFacing.uasset" 294
"../../../Engine/Plugins/Editor/SpeedTreeImporter/Content/SpeedTree9/SpeedTreeCameraFacing.uexp" 295
"../../../Engine/Plugins/Editor/SpeedTreeImporter/Content/SpeedTree9/SpeedTreeMaster.uasset" 296
"../../../Engine/Plugins/Editor/SpeedTreeImporter/Content/SpeedTree9/SpeedTreeMaster.uexp" 297
"../../../Engine/Content/EngineResources/DefaultVolumeTexture2D.uasset" 298
"../../../Engine/Content/EngineResources/DefaultVolumeTexture2D.uexp" 299
"../../../Engine/Content/EngineResources/DefaultVolumeTexture.uasset" 300
"../../../Engine/Content/EngineResources/DefaultVolumeTexture.uexp" 301
"../../../Engine/Content/EngineMaterials/FastBlueNoise_scalar_128x128x64.uasset" 302
"../../../Engine/Content/EngineMaterials/FastBlueNoise_scalar_128x128x64.uexp" 303
"../../../Engine/Plugins/Animation/ControlRig/Content/Controls/ControlRig_Arrow4_solid.ubulk" 304
"../../../Engine/Plugins/Animation/ControlRig/Content/Controls/ControlRig_Arrow4_solid.uasset" 305
"../../../Engine/Plugins/Animation/ControlRig/Content/Controls/ControlRig_Arrow4_solid.uexp" 306
"../../../Engine/Plugins/Animation/ControlRig/Content/Controls/ControlRig_Arrow_1mm.ubulk" 307
"../../../Engine/Plugins/Animation/ControlRig/Content/Controls/ControlRig_Arrow_1mm.uasset" 308
"../../../Engine/Plugins/Animation/ControlRig/Content/Controls/ControlRig_Arrow_1mm.uexp" 309
"../../../Engine/Content/EngineMaterials/FastBlueNoise_scalar_128x128x8.uasset" 310
"../../../Engine/Content/EngineMaterials/FastBlueNoise_scalar_128x128x8.uexp" 311
"../../../Engine/Content/EngineResources/GradientTexture0.uasset" 312
"../../../Engine/Content/EngineResources/GradientTexture0.uexp" 313
"../../../Engine/Content/EngineMaterials/WeightMapPlaceholderTexture.uasset" 314
"../../../Engine/Content/EngineMaterials/WeightMapPlaceholderTexture.uexp" 315
"../../../Engine/Content/EngineMaterials/WeightMapArrayPlaceholderTexture.uasset" 316
"../../../Engine/Content/EngineMaterials/WeightMapArrayPlaceholderTexture.uexp" 317
"../../../Engine/Plugins/Animation/ControlRig/Content/Controls/ControlRig_Arrow_3mm.ubulk" 318
"../../../Engine/Plugins/Animation/ControlRig/Content/Controls/ControlRig_Arrow_3mm.uasset" 319
"../../../Engine/Plugins/Animation/ControlRig/Content/Controls/ControlRig_Arrow_3mm.uexp" 320
"../../../Engine/Plugins/Animation/ControlRig/Content/Controls/ControlRig_Arrow_solid.ubulk" 321
"../../../Engine/Plugins/Animation/ControlRig/Content/Controls/ControlRig_Arrow_solid.uasset" 322
"../../../Engine/Plugins/Animation/ControlRig/Content/Controls/ControlRig_Arrow_solid.uexp" 323
"../../../Engine/Content/EngineMaterials/FastBlueNoise_vec2_128x128x64.uasset" 324
"../../../Engine/Content/EngineMaterials/FastBlueNoise_vec2_128x128x64.uexp" 325
"../../../Engine/Plugins/Animation/ControlRig/Content/Controls/ControlRig_Box_1mm.ubulk" 326
"../../../Engine/Plugins/Animation/ControlRig/Content/Controls/ControlRig_Box_1mm.uasset" 327
"../../../Engine/Plugins/Animation/ControlRig/Content/Controls/ControlRig_Box_1mm.uexp" 328
"../../../Engine/Content/EngineResources/WhiteSquareTexture.uasset" 329
"../../../Engine/Content/EngineResources/WhiteSquareTexture.uexp" 330
"../../../Engine/Content/EngineMaterials/Widget3DPassThrough.uasset" 331
"../../../Engine/Content/EngineMaterials/Widget3DPassThrough.uexp" 332
"../../../Engine/Content/EngineMaterials/Widget3DPassThrough_Masked.uasset" 333
"../../../Engine/Content/EngineMaterials/Widget3DPassThrough_Masked.uexp" 334
"../../../Engine/Content/EngineMaterials/Widget3DPassThrough_Opaque.uasset" 335
"../../../Engine/Content/EngineMaterials/Widget3DPassThrough_Opaque.uexp" 336
"../../../Engine/Content/EngineMaterials/Widget3DPassThrough_Masked_OneSided.uasset" 337
"../../../Engine/Content/EngineMaterials/Widget3DPassThrough_Masked_OneSided.uexp" 338
"../../../Engine/Plugins/Animation/ControlRig/Content/Controls/ControlRig_Box_3mm.ubulk" 339
"../../../Engine/Plugins/Animation/ControlRig/Content/Controls/ControlRig_Box_3mm.uasset" 340
"../../../Engine/Plugins/Animation/ControlRig/Content/Controls/ControlRig_Box_3mm.uexp" 341
"../../../Engine/Content/EngineMaterials/BaseFlattenDiffuseMap.uasset" 342
"../../../Engine/Content/EngineMaterials/BaseFlattenDiffuseMap.uexp" 343
"../../../Engine/Content/EngineMaterials/BaseFlattenEmissiveMap.uasset" 344
"../../../Engine/Content/EngineMaterials/BaseFlattenEmissiveMap.uexp" 345
"../../../Engine/Content/EngineMaterials/BaseFlattenGrayscaleMap.uasset" 346
"../../../Engine/Content/EngineMaterials/BaseFlattenGrayscaleMap.uexp" 347
"../../../Engine/Content/EngineMaterials/BaseFlattenLinearColor.uasset" 348
"../../../Engine/Content/EngineMaterials/BaseFlattenLinearColor.uexp" 349
"../../../Engine/Content/EngineMaterials/BaseFlattenNormalMap.uasset" 350
"../../../Engine/Content/EngineMaterials/BaseFlattenNormalMap.uexp" 351
"../../../Engine/Content/Functions/Engine_MaterialFunctions02/PivotPainter2/Black_1x1_EXR_Texture.uasset" 352
"../../../Engine/Content/Functions/Engine_MaterialFunctions02/PivotPainter2/Black_1x1_EXR_Texture.uexp" 353
"../../../Engine/Content/EngineMaterials/FlattenMaterial.uasset" 354
"../../../Engine/Content/EngineMaterials/FlattenMaterial.uexp" 355
"../../../Engine/Content/EngineResources/LandscapeVisibilityLayerInfo.uasset" 356
"../../../Engine/Content/EngineResources/LandscapeVisibilityLayerInfo.uexp" 357
"../../../Engine/Content/EngineMaterials/Widget3DPassThrough_Opaque_OneSided.uasset" 358
"../../../Engine/Content/EngineMaterials/Widget3DPassThrough_Opaque_OneSided.uexp" 359
"../../../Engine/Plugins/Animation/ControlRig/Content/Controls/ControlRig_Box_solid.ubulk" 360
"../../../Engine/Plugins/Animation/ControlRig/Content/Controls/ControlRig_Box_solid.uasset" 361
"../../../Engine/Plugins/Animation/ControlRig/Content/Controls/ControlRig_Box_solid.uexp" 362
"../../../Engine/Content/EngineMaterials/BaseFlattenDiffuseMap_VT.ubulk" 363
"../../../Engine/Content/EngineMaterials/BaseFlattenDiffuseMap_VT.uasset" 364
"../../../Engine/Content/EngineMaterials/BaseFlattenDiffuseMap_VT.uexp" 365
"../../../Engine/Content/EngineMaterials/BaseFlattenEmissiveMap_VT.ubulk" 366
"../../../Engine/Content/EngineMaterials/BaseFlattenEmissiveMap_VT.uasset" 367
"../../../Engine/Content/EngineMaterials/BaseFlattenEmissiveMap_VT.uexp" 368
"../../../Engine/Content/EngineMaterials/BaseFlattenGrayscaleMap_VT.ubulk" 369
"../../../Engine/Content/EngineMaterials/BaseFlattenGrayscaleMap_VT.uasset" 370
"../../../Engine/Content/EngineMaterials/BaseFlattenGrayscaleMap_VT.uexp" 371
"../../../Engine/Content/EngineMaterials/BaseFlattenLinearColor_VT.ubulk" 372
"../../../Engine/Content/EngineMaterials/BaseFlattenLinearColor_VT.uasset" 373
"../../../Engine/Content/EngineMaterials/BaseFlattenLinearColor_VT.uexp" 374
"../../../Engine/Content/EngineMaterials/BaseFlattenNormalMap_VT.ubulk" 375
"../../../Engine/Content/EngineMaterials/BaseFlattenNormalMap_VT.uasset" 376
"../../../Engine/Content/EngineMaterials/BaseFlattenNormalMap_VT.uexp" 377
"../../../Engine/Content/EngineMaterials/Black_1x1_EXR_Texture_VT.ubulk" 378
"../../../Engine/Content/EngineMaterials/Black_1x1_EXR_Texture_VT.uasset" 379
"../../../Engine/Content/EngineMaterials/Black_1x1_EXR_Texture_VT.uexp" 380
"../../../Engine/Content/EngineMaterials/FlattenMaterial_VT.uasset" 381
"../../../Engine/Content/EngineMaterials/FlattenMaterial_VT.uexp" 382
"../../../Engine/Content/EngineMaterials/Widget3DPassThrough_Translucent.uasset" 383
"../../../Engine/Content/EngineMaterials/Widget3DPassThrough_Translucent.uexp" 384
"../../../Engine/Content/EngineMaterials/Widget3DPassThrough_Translucent_OneSided.uasset" 385
"../../../Engine/Content/EngineMaterials/Widget3DPassThrough_Translucent_OneSided.uexp" 386
"../../../Engine/Content/EngineMaterials/FlattenMaterial_WS_Normal_VT.uasset" 387
"../../../Engine/Content/EngineMaterials/FlattenMaterial_WS_Normal_VT.uexp" 388
"../../../Engine/Content/EngineMaterials/GizmoMaterial.uasset" 389
"../../../Engine/Content/EngineMaterials/GizmoMaterial.uexp" 390
"../../../Engine/Plugins/Animation/ControlRig/Content/Controls/ControlRig_Circle_1mm.ubulk" 391
"../../../Engine/Plugins/Animation/ControlRig/Content/Controls/ControlRig_Circle_1mm.uasset" 392
"../../../Engine/Plugins/Animation/ControlRig/Content/Controls/ControlRig_Circle_1mm.uexp" 393
"../../../Engine/Plugins/Animation/ControlRig/Content/Controls/ControlRig_Circle_3mm.ubulk" 394
"../../../Engine/Plugins/Animation/ControlRig/Content/Controls/ControlRig_Circle_3mm.uasset" 395
"../../../Engine/Plugins/Animation/ControlRig/Content/Controls/ControlRig_Circle_3mm.uexp" 396
"../../../Engine/Plugins/Animation/ControlRig/Content/Controls/ControlRig_Circle_solid.ubulk" 397
"../../../Engine/Plugins/Animation/ControlRig/Content/Controls/ControlRig_Circle_solid.uasset" 398
"../../../Engine/Plugins/Animation/ControlRig/Content/Controls/ControlRig_Circle_solid.uexp" 399
"../../../Engine/Plugins/Animation/ControlRig/Content/Controls/ControlRig_Diamond_1mm.ubulk" 400
"../../../Engine/Plugins/Animation/ControlRig/Content/Controls/ControlRig_Diamond_1mm.uasset" 401
"../../../Engine/Plugins/Animation/ControlRig/Content/Controls/ControlRig_Diamond_1mm.uexp" 402
"../../../Engine/Content/EditorLandscapeResources/WhiteSquareTexture.uasset" 403
"../../../Engine/Content/EditorLandscapeResources/WhiteSquareTexture.uexp" 404
"../../../Engine/Content/EditorLandscapeResources/LayerVisMaterial.uasset" 405
"../../../Engine/Content/EditorLandscapeResources/LayerVisMaterial.uexp" 406
"../../../Engine/Plugins/Animation/ControlRig/Content/Controls/ControlRig_Diamond_3mm.ubulk" 407
"../../../Engine/Plugins/Animation/ControlRig/Content/Controls/ControlRig_Diamond_3mm.uasset" 408
"../../../Engine/Plugins/Animation/ControlRig/Content/Controls/ControlRig_Diamond_3mm.uexp" 409
"../../../Engine/Plugins/Animation/ControlRig/Content/Controls/ControlRig_Diamond_solid.ubulk" 410
"../../../Engine/Plugins/Animation/ControlRig/Content/Controls/ControlRig_Diamond_solid.uasset" 411
"../../../Engine/Plugins/Animation/ControlRig/Content/Controls/ControlRig_Diamond_solid.uexp" 412
"../../../Engine/Plugins/Animation/ControlRig/Content/Controls/ControlRig_HalfCircle_1mm.ubulk" 413
"../../../Engine/Plugins/Animation/ControlRig/Content/Controls/ControlRig_HalfCircle_1mm.uasset" 414
"../../../Engine/Plugins/Animation/ControlRig/Content/Controls/ControlRig_HalfCircle_1mm.uexp" 415
"../../../Engine/Content/Functions/Engine_MaterialFunctions02/Utility/MakeFloat3.uasset" 416
"../../../Engine/Content/Functions/Engine_MaterialFunctions02/Utility/MakeFloat3.uexp" 417
"../../../Engine/Content/Functions/Engine_MaterialFunctions02/SplitComponents.uasset" 418
"../../../Engine/Content/Functions/Engine_MaterialFunctions02/SplitComponents.uexp" 419
"../../../Engine/Content/Functions/Engine_MaterialFunctions02/Math/Transform3x3Matrix.uasset" 420
"../../../Engine/Content/Functions/Engine_MaterialFunctions02/Math/Transform3x3Matrix.uexp" 421
"../../../Engine/Content/VREditor/SnapGrid/SnapGridMaterial.uasset" 422
"../../../Engine/Content/VREditor/SnapGrid/SnapGridMaterial.uexp" 423
"../../../Engine/Content/VREditor/SnapGrid/SnapGridPlaneMesh.ubulk" 424
"../../../Engine/Content/VREditor/SnapGrid/SnapGridPlaneMesh.uasset" 425
"../../../Engine/Content/VREditor/SnapGrid/SnapGridPlaneMesh.uexp" 426
"../../../Engine/Content/VREditor/LaserPointer/VR_LaserPower_01.ubulk" 427
"../../../Engine/Content/VREditor/LaserPointer/VR_LaserPower_01.uasset" 428
"../../../Engine/Content/VREditor/LaserPointer/VR_LaserPower_01.uexp" 429
"../../../Engine/Content/VREditor/TransformGizmo/TransformGizmoMaterial.uasset" 430
"../../../Engine/Content/VREditor/TransformGizmo/TransformGizmoMaterial.uexp" 431
"../../../Engine/Content/VREditor/TransformGizmo/TranslucentTransformGizmoMaterial.uasset" 432
"../../../Engine/Content/VREditor/TransformGizmo/TranslucentTransformGizmoMaterial.uexp" 433
"../../../Engine/Content/VREditor/TransformGizmo/PlaneTranslationHandle.ubulk" 434
"../../../Engine/Content/VREditor/TransformGizmo/PlaneTranslationHandle.uasset" 435
"../../../Engine/Content/VREditor/TransformGizmo/PlaneTranslationHandle.uexp" 436
"../../../Engine/Content/VREditor/TransformGizmo/RotationHandleFull.ubulk" 437
"../../../Engine/Content/VREditor/TransformGizmo/RotationHandleFull.uasset" 438
"../../../Engine/Content/VREditor/TransformGizmo/RotationHandleFull.uexp" 439
"../../../Engine/Content/VREditor/TransformGizmo/RotationHandleIndicator.ubulk" 440
"../../../Engine/Content/VREditor/TransformGizmo/RotationHandleIndicator.uasset" 441
"../../../Engine/Content/VREditor/TransformGizmo/RotationHandleIndicator.uexp" 442
"../../../Engine/Content/VREditor/TransformGizmo/RotationHandleQuarter.ubulk" 443
"../../../Engine/Content/VREditor/TransformGizmo/RotationHandleQuarter.uasset" 444
"../../../Engine/Content/VREditor/TransformGizmo/RotationHandleQuarter.uexp" 445
"../../../Engine/Content/VREditor/TransformGizmo/StartRotationHandleIndicator.ubulk" 446
"../../../Engine/Content/VREditor/TransformGizmo/StartRotationHandleIndicator.uasset" 447
"../../../Engine/Content/VREditor/TransformGizmo/StartRotationHandleIndicator.uexp" 448
"../../../Engine/Content/VREditor/TransformGizmo/TranslucentTransformGizmoMaterial_Inst.uasset" 449
"../../../Engine/Content/VREditor/TransformGizmo/TranslucentTransformGizmoMaterial_Inst.uexp" 450
"../../../Engine/Content/VREditor/TransformGizmo/TransformGizmoFreeRotation.ubulk" 451
"../../../Engine/Content/VREditor/TransformGizmo/TransformGizmoFreeRotation.uasset" 452
"../../../Engine/Content/VREditor/TransformGizmo/TransformGizmoFreeRotation.uexp" 453
"../../../Engine/Content/VREditor/TransformGizmo/TransformGizmoMaterial_Inst.uasset" 454
"../../../Engine/Content/VREditor/TransformGizmo/TransformGizmoMaterial_Inst.uexp" 455
"../../../Engine/Content/VREditor/TransformGizmo/TranslateArrowHandle.ubulk" 456
"../../../Engine/Content/VREditor/TransformGizmo/TranslateArrowHandle.uasset" 457
"../../../Engine/Content/VREditor/TransformGizmo/TranslateArrowHandle.uexp" 458
"../../../Engine/Content/VREditor/TransformGizmo/UniformScaleHandle.ubulk" 459
"../../../Engine/Content/VREditor/TransformGizmo/UniformScaleHandle.uasset" 460
"../../../Engine/Content/VREditor/TransformGizmo/UniformScaleHandle.uexp" 461
"../../../Engine/Content/VREditor/Sounds/UI/Drop_Item_From_ContentBrowser.ubulk" 462
"../../../Engine/Content/VREditor/Sounds/UI/Drop_Item_From_ContentBrowser.uasset" 463
"../../../Engine/Content/VREditor/Sounds/UI/Drop_Item_From_ContentBrowser.uexp" 464
"../../../Engine/Content/VREditor/Sounds/UI/Gizmo_Handle_Clicked.ubulk" 465
"../../../Engine/Content/VREditor/Sounds/UI/Gizmo_Handle_Clicked.uasset" 466
"../../../Engine/Content/VREditor/Sounds/UI/Gizmo_Handle_Clicked.uexp" 467
"../../../Engine/Content/VREditor/Sounds/UI/Object_PickUp.ubulk" 468
"../../../Engine/Content/VREditor/Sounds/UI/Object_PickUp.uasset" 469
"../../../Engine/Content/VREditor/Sounds/UI/Object_PickUp.uexp" 470
"../../../Engine/Content/VREditor/Sounds/UI/Object_Snaps_To_Another_Actor.ubulk" 471
"../../../Engine/Content/VREditor/Sounds/UI/Object_Snaps_To_Another_Actor.uasset" 472
"../../../Engine/Content/VREditor/Sounds/UI/Object_Snaps_To_Another_Actor.uexp" 473
"../../../Engine/Content/VREditor/Sounds/UI/Object_Snaps_To_Grid.ubulk" 474
"../../../Engine/Content/VREditor/Sounds/UI/Object_Snaps_To_Grid.uasset" 475
"../../../Engine/Content/VREditor/Sounds/UI/Object_Snaps_To_Grid.uexp" 476
"../../../Engine/Content/VREditor/Sounds/UI/Scaling_Down.ubulk" 477
"../../../Engine/Content/VREditor/Sounds/UI/Scaling_Down.uasset" 478
"../../../Engine/Content/VREditor/Sounds/UI/Scaling_Down.uexp" 479
"../../../Engine/Content/VREditor/Sounds/UI/Scaling_Up.ubulk" 480
"../../../Engine/Content/VREditor/Sounds/UI/Scaling_Up.uasset" 481
"../../../Engine/Content/VREditor/Sounds/UI/Scaling_Up.uexp" 482
"../../../Engine/Content/VREditor/Sounds/UI/Selection_Changes.ubulk" 483
"../../../Engine/Content/VREditor/Sounds/UI/Selection_Changes.uasset" 484
"../../../Engine/Content/VREditor/Sounds/UI/Selection_Changes.uexp" 485
"../../../Engine/Content/Functions/Engine_MaterialFunctions03/Math/WithinRangeFloat2.uasset" 486
"../../../Engine/Content/Functions/Engine_MaterialFunctions03/Math/WithinRangeFloat2.uexp" 487
"../../../Engine/Content/EditorLandscapeResources/MaskBrushMaterial.uasset" 488
"../../../Engine/Content/EditorLandscapeResources/MaskBrushMaterial.uexp" 489
"../../../Engine/Content/EditorLandscapeResources/MaskBrushMaterial_MaskedRegion.uasset" 490
"../../../Engine/Content/EditorLandscapeResources/MaskBrushMaterial_MaskedRegion.uexp" 491
"../../../Engine/Plugins/Animation/ControlRig/Content/Controls/ControlRig_HalfCircle_3mm.ubulk" 492
"../../../Engine/Plugins/Animation/ControlRig/Content/Controls/ControlRig_HalfCircle_3mm.uasset" 493
"../../../Engine/Plugins/Animation/ControlRig/Content/Controls/ControlRig_HalfCircle_3mm.uexp" 494
"../../../Engine/Plugins/Animation/ControlRig/Content/Controls/ControlRig_HalfCircle_solid.ubulk" 495
"../../../Engine/Plugins/Animation/ControlRig/Content/Controls/ControlRig_HalfCircle_solid.uasset" 496
"../../../Engine/Plugins/Animation/ControlRig/Content/Controls/ControlRig_HalfCircle_solid.uexp" 497
"../../../Engine/Content/EditorLandscapeResources/SelectBrushMaterial.uasset" 498
"../../../Engine/Content/EditorLandscapeResources/SelectBrushMaterial.uexp" 499
"../../../Engine/Content/EditorLandscapeResources/SelectBrushMaterial_Selected.uasset" 500
"../../../Engine/Content/EditorLandscapeResources/SelectBrushMaterial_Selected.uexp" 501
"../../../Engine/Content/EditorLandscapeResources/SelectBrushMaterial_SelectedRegion.uasset" 502
"../../../Engine/Content/EditorLandscapeResources/SelectBrushMaterial_SelectedRegion.uexp" 503
"../../../Engine/Plugins/Animation/ControlRig/Content/Controls/ControlRig_Hexagon_1mm.ubulk" 504
"../../../Engine/Plugins/Animation/ControlRig/Content/Controls/ControlRig_Hexagon_1mm.uasset" 505
"../../../Engine/Plugins/Animation/ControlRig/Content/Controls/ControlRig_Hexagon_1mm.uexp" 506
"../../../Engine/Plugins/Animation/ControlRig/Content/Controls/ControlRig_Hexagon_3mm.ubulk" 507
"../../../Engine/Plugins/Animation/ControlRig/Content/Controls/ControlRig_Hexagon_3mm.uasset" 508
"../../../Engine/Plugins/Animation/ControlRig/Content/Controls/ControlRig_Hexagon_3mm.uexp" 509
"../../../Engine/Plugins/Animation/ControlRig/Content/Controls/ControlRig_Hexagon_solid.ubulk" 510
"../../../Engine/Plugins/Animation/ControlRig/Content/Controls/ControlRig_Hexagon_solid.uasset" 511
"../../../Engine/Plugins/Animation/ControlRig/Content/Controls/ControlRig_Hexagon_solid.uexp" 512
"../../../Engine/Content/EditorLandscapeResources/SplineEditorMeshMat.uasset" 513
"../../../Engine/Content/EditorLandscapeResources/SplineEditorMeshMat.uexp" 514
"../../../Engine/Content/EditorLandscapeResources/SplineEditorMesh.ubulk" 515
"../../../Engine/Content/EditorLandscapeResources/SplineEditorMesh.uasset" 516
"../../../Engine/Content/EditorLandscapeResources/SplineEditorMesh.uexp" 517
"../../../Engine/Plugins/Interchange/Assets/Content/Functions/MX_AbsorptionVDF.uasset" 518
"../../../Engine/Plugins/Interchange/Assets/Content/Functions/MX_AbsorptionVDF.uexp" 519
"../../../Engine/Plugins/Animation/ControlRig/Content/Controls/ControlRig_Octagon_1mm.ubulk" 520
"../../../Engine/Plugins/Animation/ControlRig/Content/Controls/ControlRig_Octagon_1mm.uasset" 521
"../../../Engine/Plugins/Animation/ControlRig/Content/Controls/ControlRig_Octagon_1mm.uexp" 522
"../../../Engine/Plugins/Interchange/Assets/Content/Functions/MX_AnisotropicVDF.uasset" 523
"../../../Engine/Plugins/Interchange/Assets/Content/Functions/MX_AnisotropicVDF.uexp" 524
"../../../Engine/Plugins/Animation/ControlRig/Content/Controls/ControlRig_Octagon_3mm.ubulk" 525
"../../../Engine/Plugins/Animation/ControlRig/Content/Controls/ControlRig_Octagon_3mm.uasset" 526
"../../../Engine/Plugins/Animation/ControlRig/Content/Controls/ControlRig_Octagon_3mm.uexp" 527
"../../../Engine/Plugins/Animation/ControlRig/Content/Controls/ControlRig_Octagon_solid.ubulk" 528
"../../../Engine/Plugins/Animation/ControlRig/Content/Controls/ControlRig_Octagon_solid.uasset" 529
"../../../Engine/Plugins/Animation/ControlRig/Content/Controls/ControlRig_Octagon_solid.uexp" 530
"../../../Engine/Plugins/Interchange/Assets/Content/Functions/MX_BurleyDiffuseBSDF.uasset" 531
"../../../Engine/Plugins/Interchange/Assets/Content/Functions/MX_BurleyDiffuseBSDF.uexp" 532
"../../../Engine/Plugins/Animation/ControlRig/Content/Controls/ControlRig_Pyramid_1mm.ubulk" 533
"../../../Engine/Plugins/Animation/ControlRig/Content/Controls/ControlRig_Pyramid_1mm.uasset" 534
"../../../Engine/Plugins/Animation/ControlRig/Content/Controls/ControlRig_Pyramid_1mm.uexp" 535
"../../../Engine/Plugins/Animation/ControlRig/Content/Controls/ControlRig_Pyramid_3mm.ubulk" 536
"../../../Engine/Plugins/Animation/ControlRig/Content/Controls/ControlRig_Pyramid_3mm.uasset" 537
"../../../Engine/Plugins/Animation/ControlRig/Content/Controls/ControlRig_Pyramid_3mm.uexp" 538
"../../../Engine/Plugins/Interchange/Assets/Content/Functions/MX_ChiangHairBSDF.uasset" 539
"../../../Engine/Plugins/Interchange/Assets/Content/Functions/MX_ChiangHairBSDF.uexp" 540
"../../../Engine/Plugins/Animation/ControlRig/Content/Controls/ControlRig_Pyramid_solid.ubulk" 541
"../../../Engine/Plugins/Animation/ControlRig/Content/Controls/ControlRig_Pyramid_solid.uasset" 542
"../../../Engine/Plugins/Animation/ControlRig/Content/Controls/ControlRig_Pyramid_solid.uexp" 543
"../../../Engine/Plugins/Animation/ControlRig/Content/Controls/ControlRig_QuarterCircle_1mm.ubulk" 544
"../../../Engine/Plugins/Animation/ControlRig/Content/Controls/ControlRig_QuarterCircle_1mm.uasset" 545
"../../../Engine/Plugins/Animation/ControlRig/Content/Controls/ControlRig_QuarterCircle_1mm.uexp" 546
"../../../Engine/Plugins/Interchange/Assets/Content/Functions/MX_ConductorBSDF.uasset" 547
"../../../Engine/Plugins/Interchange/Assets/Content/Functions/MX_ConductorBSDF.uexp" 548
"../../../Engine/Plugins/Interchange/Assets/Content/Functions/MX_ConicalEDF.uasset" 549
"../../../Engine/Plugins/Interchange/Assets/Content/Functions/MX_ConicalEDF.uexp" 550
"../../../Engine/Plugins/Animation/ControlRig/Content/Controls/ControlRig_QuarterCircle_3mm.ubulk" 551
"../../../Engine/Plugins/Animation/ControlRig/Content/Controls/ControlRig_QuarterCircle_3mm.uasset" 552
"../../../Engine/Plugins/Animation/ControlRig/Content/Controls/ControlRig_QuarterCircle_3mm.uexp" 553
"../../../Engine/Plugins/Interchange/Assets/Content/Functions/MX_DielectricBSDF.uasset" 554
"../../../Engine/Plugins/Interchange/Assets/Content/Functions/MX_DielectricBSDF.uexp" 555
"../../../Engine/Plugins/Animation/ControlRig/Content/Controls/ControlRig_QuarterCircle_solid.ubulk" 556
"../../../Engine/Plugins/Animation/ControlRig/Content/Controls/ControlRig_QuarterCircle_solid.uasset" 557
"../../../Engine/Plugins/Animation/ControlRig/Content/Controls/ControlRig_QuarterCircle_solid.uexp" 558
"../../../Engine/Plugins/Interchange/Assets/Content/Functions/MX_Displacement.uasset" 559
"../../../Engine/Plugins/Interchange/Assets/Content/Functions/MX_Displacement.uexp" 560
"../../../Engine/Plugins/Interchange/Assets/Content/Functions/MX_GeneralizedSchlickBSDF.uasset" 561
"../../../Engine/Plugins/Interchange/Assets/Content/Functions/MX_GeneralizedSchlickBSDF.uexp" 562
"../../../Engine/Plugins/Animation/ControlRig/Content/Controls/ControlRig_RoundedSquare_1mm.ubulk" 563
"../../../Engine/Plugins/Animation/ControlRig/Content/Controls/ControlRig_RoundedSquare_1mm.uasset" 564
"../../../Engine/Plugins/Animation/ControlRig/Content/Controls/ControlRig_RoundedSquare_1mm.uexp" 565
"../../../Engine/Plugins/Animation/ControlRig/Content/Controls/ControlRig_RoundedSquare_3mm.ubulk" 566
"../../../Engine/Plugins/Animation/ControlRig/Content/Controls/ControlRig_RoundedSquare_3mm.uasset" 567
"../../../Engine/Plugins/Animation/ControlRig/Content/Controls/ControlRig_RoundedSquare_3mm.uexp" 568
"../../../Engine/Plugins/Animation/ControlRig/Content/Controls/ControlRig_RoundedSquare_solid.ubulk" 569
"../../../Engine/Plugins/Animation/ControlRig/Content/Controls/ControlRig_RoundedSquare_solid.uasset" 570
"../../../Engine/Plugins/Animation/ControlRig/Content/Controls/ControlRig_RoundedSquare_solid.uexp" 571
"../../../Engine/Plugins/Animation/ControlRig/Content/Controls/ControlRig_RoundedTriangle_1mm.ubulk" 572
"../../../Engine/Plugins/Animation/ControlRig/Content/Controls/ControlRig_RoundedTriangle_1mm.uasset" 573
"../../../Engine/Plugins/Animation/ControlRig/Content/Controls/ControlRig_RoundedTriangle_1mm.uexp" 574
"../../../Engine/Plugins/Animation/ControlRig/Content/Controls/ControlRig_RoundedTriangle_3mm.ubulk" 575
"../../../Engine/Plugins/Animation/ControlRig/Content/Controls/ControlRig_RoundedTriangle_3mm.uasset" 576
"../../../Engine/Plugins/Animation/ControlRig/Content/Controls/ControlRig_RoundedTriangle_3mm.uexp" 577
"../../../Engine/Plugins/Interchange/Assets/Content/Functions/MX_MeasuredEDF.uasset" 578
"../../../Engine/Plugins/Interchange/Assets/Content/Functions/MX_MeasuredEDF.uexp" 579
"../../../Engine/Plugins/Experimental/MeshModelingToolsetExp/Content/Materials/GetDisplacementVectorForDepthBias.uasset" 580
"../../../Engine/Plugins/Experimental/MeshModelingToolsetExp/Content/Materials/GetDisplacementVectorForDepthBias.uexp" 581
"../../../Engine/Content/Functions/Engine_MaterialFunctions03/Viewport/MF_OrthoWidth.uasset" 582
"../../../Engine/Content/Functions/Engine_MaterialFunctions03/Viewport/MF_OrthoWidth.uexp" 583
"../../../Engine/Content/Functions/Engine_MaterialFunctions02/Utility/FOV.uasset" 584
"../../../Engine/Content/Functions/Engine_MaterialFunctions02/Utility/FOV.uexp" 585
"../../../Engine/Content/Functions/Engine_MaterialFunctions02/WorldPositionOffset/V2/ObjectScale.uasset" 586
"../../../Engine/Content/Functions/Engine_MaterialFunctions02/WorldPositionOffset/V2/ObjectScale.uexp" 587
"../../../Engine/Plugins/Experimental/MeshModelingToolsetExp/Content/Materials/PointSetOverlaidComponentMaterial.uasset" 588
"../../../Engine/Plugins/Experimental/MeshModelingToolsetExp/Content/Materials/PointSetOverlaidComponentMaterial.uexp" 589
"../../../Engine/Plugins/Animation/ControlRig/Content/Controls/ControlRig_RoundedTriangle_solid.ubulk" 590
"../../../Engine/Plugins/Animation/ControlRig/Content/Controls/ControlRig_RoundedTriangle_solid.uasset" 591
"../../../Engine/Plugins/Animation/ControlRig/Content/Controls/ControlRig_RoundedTriangle_solid.uexp" 592
"../../../Engine/Plugins/Interchange/Assets/Content/Functions/MF_IridescenceNoLUT.uasset" 593
"../../../Engine/Plugins/Interchange/Assets/Content/Functions/MF_IridescenceNoLUT.uexp" 594
"../../../Engine/Plugins/Interchange/Assets/Content/Functions/MX_StandardSurface.uasset" 595
"../../../Engine/Plugins/Interchange/Assets/Content/Functions/MX_StandardSurface.uexp" 596
"../../../Engine/Plugins/Interchange/Assets/Content/Functions/MX_OpenPBR_Opaque.uasset" 597
"../../../Engine/Plugins/Interchange/Assets/Content/Functions/MX_OpenPBR_Opaque.uexp" 598
"../../../Engine/Plugins/Animation/ControlRig/Content/Controls/ControlRig_Sphere_1mm.ubulk" 599
"../../../Engine/Plugins/Animation/ControlRig/Content/Controls/ControlRig_Sphere_1mm.uasset" 600
"../../../Engine/Plugins/Animation/ControlRig/Content/Controls/ControlRig_Sphere_1mm.uexp" 601
"../../../Engine/Plugins/Animation/ControlRig/Content/Controls/ControlRig_Sphere_3mm.ubulk" 602
"../../../Engine/Plugins/Animation/ControlRig/Content/Controls/ControlRig_Sphere_3mm.uasset" 603
"../../../Engine/Plugins/Animation/ControlRig/Content/Controls/ControlRig_Sphere_3mm.uexp" 604
"../../../Engine/Plugins/Interchange/Assets/Content/Functions/MX_TransmissionSurface.uasset" 605
"../../../Engine/Plugins/Interchange/Assets/Content/Functions/MX_TransmissionSurface.uexp" 606
"../../../Engine/Plugins/Interchange/Assets/Content/Functions/MX_OpenPBR_Translucent.uasset" 607
"../../../Engine/Plugins/Interchange/Assets/Content/Functions/MX_OpenPBR_Translucent.uexp" 608
"../../../Engine/Plugins/Animation/ControlRig/Content/Controls/ControlRig_Sphere_solid.ubulk" 609
"../../../Engine/Plugins/Animation/ControlRig/Content/Controls/ControlRig_Sphere_solid.uasset" 610
"../../../Engine/Plugins/Animation/ControlRig/Content/Controls/ControlRig_Sphere_solid.uexp" 611
"../../../Engine/Plugins/Interchange/Assets/Content/Functions/MX_OrenNayarBSDF.uasset" 612
"../../../Engine/Plugins/Interchange/Assets/Content/Functions/MX_OrenNayarBSDF.uexp" 613
"../../../Engine/Plugins/Animation/ControlRig/Content/Controls/ControlRig_Square_1mm.ubulk" 614
"../../../Engine/Plugins/Animation/ControlRig/Content/Controls/ControlRig_Square_1mm.uasset" 615
"../../../Engine/Plugins/Animation/ControlRig/Content/Controls/ControlRig_Square_1mm.uexp" 616
"../../../Engine/Plugins/Animation/ControlRig/Content/Controls/ControlRig_Square_3mm.ubulk" 617
"../../../Engine/Plugins/Animation/ControlRig/Content/Controls/ControlRig_Square_3mm.uasset" 618
"../../../Engine/Plugins/Animation/ControlRig/Content/Controls/ControlRig_Square_3mm.uexp" 619
"../../../Engine/Plugins/Animation/ControlRig/Content/Controls/ControlRig_Square_solid.ubulk" 620
"../../../Engine/Plugins/Animation/ControlRig/Content/Controls/ControlRig_Square_solid.uasset" 621
"../../../Engine/Plugins/Animation/ControlRig/Content/Controls/ControlRig_Square_solid.uexp" 622
"../../../Engine/Plugins/Animation/ControlRig/Content/Controls/ControlRig_Star4_1mm.ubulk" 623
"../../../Engine/Plugins/Animation/ControlRig/Content/Controls/ControlRig_Star4_1mm.uasset" 624
"../../../Engine/Plugins/Animation/ControlRig/Content/Controls/ControlRig_Star4_1mm.uexp" 625
"../../../Engine/Plugins/Animation/ControlRig/Content/Controls/ControlRig_Star4_3mm.ubulk" 626
"../../../Engine/Plugins/Animation/ControlRig/Content/Controls/ControlRig_Star4_3mm.uasset" 627
"../../../Engine/Plugins/Animation/ControlRig/Content/Controls/ControlRig_Star4_3mm.uexp" 628
"../../../Engine/Plugins/Interchange/Assets/Content/Functions/MX_SheenBSDF.uasset" 629
"../../../Engine/Plugins/Interchange/Assets/Content/Functions/MX_SheenBSDF.uexp" 630
"../../../Engine/Plugins/Animation/ControlRig/Content/Controls/ControlRig_Star4_solid.ubulk" 631
"../../../Engine/Plugins/Animation/ControlRig/Content/Controls/ControlRig_Star4_solid.uasset" 632
"../../../Engine/Plugins/Animation/ControlRig/Content/Controls/ControlRig_Star4_solid.uexp" 633
"../../../Engine/Plugins/Interchange/Assets/Content/Substrate/MX_SimpleVolume.uasset" 634
"../../../Engine/Plugins/Interchange/Assets/Content/Substrate/MX_SimpleVolume.uexp" 635
"../../../Engine/Plugins/Animation/ControlRig/Content/Controls/ControlRig_Triangle_1mm.ubulk" 636
"../../../Engine/Plugins/Animation/ControlRig/Content/Controls/ControlRig_Triangle_1mm.uasset" 637
"../../../Engine/Plugins/Animation/ControlRig/Content/Controls/ControlRig_Triangle_1mm.uexp" 638
"../../../Engine/Plugins/Animation/ControlRig/Content/Controls/ControlRig_Triangle_3mm.ubulk" 639
"../../../Engine/Plugins/Animation/ControlRig/Content/Controls/ControlRig_Triangle_3mm.uasset" 640
"../../../Engine/Plugins/Animation/ControlRig/Content/Controls/ControlRig_Triangle_3mm.uexp" 641
"../../../Engine/Plugins/Runtime/HairStrands/Content/Materials/HairCardsDefaultMaterial.uasset" 642
"../../../Engine/Plugins/Runtime/HairStrands/Content/Materials/HairCardsDefaultMaterial.uexp" 643
"../../../Engine/Plugins/Interchange/Assets/Content/Functions/MX_SubsurfaceBSDF.uasset" 644
"../../../Engine/Plugins/Interchange/Assets/Content/Functions/MX_SubsurfaceBSDF.uexp" 645
"../../../Engine/Plugins/Animation/ControlRig/Content/Controls/ControlRig_Triangle_solid.ubulk" 646
"../../../Engine/Plugins/Animation/ControlRig/Content/Controls/ControlRig_Triangle_solid.uasset" 647
"../../../Engine/Plugins/Animation/ControlRig/Content/Controls/ControlRig_Triangle_solid.uexp" 648
"../../../Engine/Content/Functions/Engine_MaterialFunctions02/Utility/MakeFloat2.uasset" 649
"../../../Engine/Content/Functions/Engine_MaterialFunctions02/Utility/MakeFloat2.uexp" 650
"../../../Engine/Content/EngineMaterials/HairColorMap.uasset" 651
"../../../Engine/Content/EngineMaterials/HairColorMap.uexp" 652
"../../../Engine/Content/EngineMaterials/HairDebugColor.uasset" 653
"../../../Engine/Content/EngineMaterials/HairDebugColor.uexp" 654
"../../../Engine/Plugins/Runtime/HairStrands/Content/Materials/HairGroupColors.uasset" 655
"../../../Engine/Plugins/Runtime/HairStrands/Content/Materials/HairGroupColors.uexp" 656
"../../../Engine/Plugins/Runtime/HairStrands/Content/Materials/HairDebugMaterial.uasset" 657
"../../../Engine/Plugins/Runtime/HairStrands/Content/Materials/HairDebugMaterial.uexp" 658
"../../../Engine/Plugins/Interchange/Assets/Content/Functions/MX_Surface.uasset" 659
"../../../Engine/Plugins/Interchange/Assets/Content/Functions/MX_Surface.uexp" 660
"../../../Engine/Plugins/Runtime/HairStrands/Content/Materials/HairDefaultMaterial.uasset" 661
"../../../Engine/Plugins/Runtime/HairStrands/Content/Materials/HairDefaultMaterial.uexp" 662
"../../../Engine/Plugins/Animation/ControlRig/Content/Controls/ControlRig_Wedge_1mm.ubulk" 663
"../../../Engine/Plugins/Animation/ControlRig/Content/Controls/ControlRig_Wedge_1mm.uasset" 664
"../../../Engine/Plugins/Animation/ControlRig/Content/Controls/ControlRig_Wedge_1mm.uexp" 665
"../../../Engine/Plugins/Interchange/Assets/Content/Functions/MX_SurfaceUnlit.uasset" 666
"../../../Engine/Plugins/Interchange/Assets/Content/Functions/MX_SurfaceUnlit.uexp" 667
"../../../Engine/Plugins/Runtime/HairStrands/Content/Materials/HairMeshesDefaultMaterial.uasset" 668
"../../../Engine/Plugins/Runtime/HairStrands/Content/Materials/HairMeshesDefaultMaterial.uexp" 669
"../../../Engine/Plugins/Runtime/AudioWidgets/Content/Resources/ScrubHandleDown_Clamped.uasset" 670
"../../../Engine/Plugins/Runtime/AudioWidgets/Content/Resources/ScrubHandleDown_Clamped.uexp" 671
"../../../Engine/Plugins/Animation/ControlRig/Content/Controls/ControlRig_Wedge_3mm.ubulk" 672
"../../../Engine/Plugins/Animation/ControlRig/Content/Controls/ControlRig_Wedge_3mm.uasset" 673
"../../../Engine/Plugins/Animation/ControlRig/Content/Controls/ControlRig_Wedge_3mm.uexp" 674
"../../../Engine/Plugins/Interchange/Assets/Content/Functions/MX_TranslucentBSDF.uasset" 675
"../../../Engine/Plugins/Interchange/Assets/Content/Functions/MX_TranslucentBSDF.uexp" 676
"../../../Engine/Plugins/Animation/ControlRig/Content/Controls/ControlRig_Wedge_solid.ubulk" 677
"../../../Engine/Plugins/Animation/ControlRig/Content/Controls/ControlRig_Wedge_solid.uasset" 678
"../../../Engine/Plugins/Animation/ControlRig/Content/Controls/ControlRig_Wedge_solid.uexp" 679
"../../../Engine/Plugins/Interchange/Assets/Content/Functions/MX_UniformEDF.uasset" 680
"../../../Engine/Plugins/Interchange/Assets/Content/Functions/MX_UniformEDF.uexp" 681
"../../../Engine/Plugins/Interchange/Assets/Content/Functions/MX_UsdPreviewSurface.uasset" 682
"../../../Engine/Plugins/Interchange/Assets/Content/Functions/MX_UsdPreviewSurface.uexp" 683
"../../../Engine/Content/EngineMaterials/EnergyConservation/Diffuse_Energy.uasset" 684
"../../../Engine/Content/EngineMaterials/EnergyConservation/Diffuse_Energy.uexp" 685
"../../../Engine/Content/EngineMaterials/EnergyConservation/GGX_ReflectionEnergy.uasset" 686
"../../../Engine/Content/EngineMaterials/EnergyConservation/GGX_ReflectionEnergy.uexp" 687
"../../../Engine/Content/EditorMaterials/Dataflow/DataflowTwoSidedVertexMaterial.uasset" 688
"../../../Engine/Content/EditorMaterials/Dataflow/DataflowTwoSidedVertexMaterial.uexp" 689
"../../../Engine/Content/EditorMaterials/Dataflow/DataflowVertexMaterial.uasset" 690
"../../../Engine/Content/EditorMaterials/Dataflow/DataflowVertexMaterial.uexp" 691
"../../../Engine/Content/EngineMaterials/EnergyConservation/GGX_TransmissionEnergyArray.uasset" 692
"../../../Engine/Content/EngineMaterials/EnergyConservation/GGX_TransmissionEnergyArray.uexp" 693
"../../../Engine/Content/EngineMaterials/EnergyConservation/SheenLegacy_Energy.uasset" 694
"../../../Engine/Content/EngineMaterials/EnergyConservation/SheenLegacy_Energy.uexp" 695
"../../../Engine/Content/EngineMaterials/EnergyConservation/Sheen_Energy.uasset" 696
"../../../Engine/Content/EngineMaterials/EnergyConservation/Sheen_Energy.uexp" 697
"../../../Engine/Content/EngineMaterials/LTC/GGX_LTCAmp.uasset" 698
"../../../Engine/Content/EngineMaterials/LTC/GGX_LTCAmp.uexp" 699
"../../../Engine/Content/EngineMaterials/LTC/GGX_LTCMat.uasset" 700
"../../../Engine/Content/EngineMaterials/LTC/GGX_LTCMat.uexp" 701
"../../../Engine/Content/EngineMaterials/LTC/Sheen_LTC.uasset" 702
"../../../Engine/Content/EngineMaterials/LTC/Sheen_LTC.uexp" 703
"../../../Engine/Content/EditorMaterials/ParticleSystems/PSysThumbnail_NoImage.ubulk" 704
"../../../Engine/Content/EditorMaterials/ParticleSystems/PSysThumbnail_NoImage.uasset" 705
"../../../Engine/Content/EditorMaterials/ParticleSystems/PSysThumbnail_NoImage.uexp" 706
"../../../Engine/Content/EditorMaterials/ParticleSystems/PSysThumbnail_OOD.ubulk" 707
"../../../Engine/Content/EditorMaterials/ParticleSystems/PSysThumbnail_OOD.uasset" 708
"../../../Engine/Content/EditorMaterials/ParticleSystems/PSysThumbnail_OOD.uexp" 709
"../../../Engine/Content/EngineResources/Development/ZenLogo_64.uasset" 710
"../../../Engine/Content/EngineResources/Development/ZenLogo_64.uexp" 711
"../../../Engine/Content/EngineResources/FilmGrains/Marcie_Grain_v3_128_M2_000.uasset" 712
"../../../Engine/Content/EngineResources/FilmGrains/Marcie_Grain_v3_128_M2_000.uexp" 713
"../../../Engine/Content/EditorResources/SequenceRecorder/Countdown.uasset" 714
"../../../Engine/Content/EditorResources/SequenceRecorder/Countdown.uexp" 715
"../../../Engine/Content/EditorResources/SequenceRecorder/RecordingIndicator.uasset" 716
"../../../Engine/Content/EditorResources/SequenceRecorder/RecordingIndicator.uexp" 717
"../../../Engine/Content/EditorMaterials/Camera/CineMat.uasset" 718
"../../../Engine/Content/EditorMaterials/Camera/CineMat.uexp" 719
"../../../Engine/Content/EditorMaterials/Camera/MI_CineMat_Rig.uasset" 720
"../../../Engine/Content/EditorMaterials/Camera/MI_CineMat_Rig.uexp" 721
"../../../Engine/Content/EditorMeshes/Camera/SM_CraneRig_Arm.ubulk" 722
"../../../Engine/Content/EditorMeshes/Camera/SM_CraneRig_Arm.uasset" 723
"../../../Engine/Content/EditorMeshes/Camera/SM_CraneRig_Arm.uexp" 724
"../../../Engine/Content/EditorMeshes/Camera/SM_CraneRig_Base.ubulk" 725
"../../../Engine/Content/EditorMeshes/Camera/SM_CraneRig_Base.uasset" 726
"../../../Engine/Content/EditorMeshes/Camera/SM_CraneRig_Base.uexp" 727
"../../../Engine/Content/EditorMeshes/Camera/SM_CraneRig_Body.ubulk" 728
"../../../Engine/Content/EditorMeshes/Camera/SM_CraneRig_Body.uasset" 729
"../../../Engine/Content/EditorMeshes/Camera/SM_CraneRig_Body.uexp" 730
"../../../Engine/Content/EditorMeshes/Camera/SM_CraneRig_Mount.ubulk" 731
"../../../Engine/Content/EditorMeshes/Camera/SM_CraneRig_Mount.uasset" 732
"../../../Engine/Content/EditorMeshes/Camera/SM_CraneRig_Mount.uexp" 733
"../../../Engine/Content/EditorMeshes/Camera/SM_RailRig_Mount.ubulk" 734
"../../../Engine/Content/EditorMeshes/Camera/SM_RailRig_Mount.uasset" 735
"../../../Engine/Content/EditorMeshes/Camera/SM_RailRig_Mount.uexp" 736
"../../../Engine/Content/EditorMeshes/Camera/SM_RailRig_Track.ubulk" 737
"../../../Engine/Content/EditorMeshes/Camera/SM_RailRig_Track.uasset" 738
"../../../Engine/Content/EditorMeshes/Camera/SM_RailRig_Track.uexp" 739
"../../../Engine/Content/VREditor/TransformGizmo/BoundingBoxCorner.ubulk" 740
"../../../Engine/Content/VREditor/TransformGizmo/BoundingBoxCorner.uasset" 741
"../../../Engine/Content/VREditor/TransformGizmo/BoundingBoxCorner.uexp" 742
"../../../Engine/Content/VREditor/TransformGizmo/BoundingBoxEdge.ubulk" 743
"../../../Engine/Content/VREditor/TransformGizmo/BoundingBoxEdge.uasset" 744
"../../../Engine/Content/VREditor/TransformGizmo/BoundingBoxEdge.uexp" 745
"../../../Engine/Plugins/Animation/DeformerGraph/Content/DeformerFunctions/DG_Function_LinearBlendSkin_Morph_Cloth.uasset" 746
"../../../Engine/Plugins/Animation/DeformerGraph/Content/DeformerFunctions/DG_Function_LinearBlendSkin_Morph_Cloth.uexp" 747
"../../../Engine/Plugins/Animation/DeformerGraph/Content/Deformers/DG_LinearBlendSkin_Morph_Cloth.uasset" 748
"../../../Engine/Plugins/Animation/DeformerGraph/Content/Deformers/DG_LinearBlendSkin_Morph_Cloth.uexp" 749
"../../../Engine/Plugins/Animation/DeformerGraph/Content/DeformerFunctions/DG_Function_ComputeNormalsTangents.uasset" 750
"../../../Engine/Plugins/Animation/DeformerGraph/Content/DeformerFunctions/DG_Function_ComputeNormalsTangents.uexp" 751
"../../../Engine/Plugins/Animation/DeformerGraph/Content/DeformerFunctions/DG_Function_LinearBlendSkin_Morph_Cloth_PositionOnly.uasset" 752
"../../../Engine/Plugins/Animation/DeformerGraph/Content/DeformerFunctions/DG_Function_LinearBlendSkin_Morph_Cloth_PositionOnly.uexp" 753
"../../../Engine/Plugins/Animation/DeformerGraph/Content/Deformers/DG_LinearBlendSkin_Morph_Cloth_RecomputeNormals.uasset" 754
"../../../Engine/Plugins/Animation/DeformerGraph/Content/Deformers/DG_LinearBlendSkin_Morph_Cloth_RecomputeNormals.uexp" 755
"../../../Engine/Plugins/Editor/SpeedTreeImporter/Content/SpeedTree9/SpeedTreeBillboard.uasset" 756
"../../../Engine/Plugins/Editor/SpeedTreeImporter/Content/SpeedTree9/SpeedTreeBillboard.uexp" 757
"../../../Engine/Plugins/Editor/SpeedTreeImporter/Content/SpeedTree9/SpeedTreeBillboardMaster.uasset" 758
"../../../Engine/Plugins/Editor/SpeedTreeImporter/Content/SpeedTree9/SpeedTreeBillboardMaster.uexp" 759
"../../../Engine/Content/Functions/Engine_MaterialFunctions01/Texturing/FlattenNormal.uasset" 760
"../../../Engine/Content/Functions/Engine_MaterialFunctions01/Texturing/FlattenNormal.uexp" 761
"../../../Engine/Plugins/Interchange/Assets/Content/Utilities/New_LUT.uasset" 762
"../../../Engine/Plugins/Interchange/Assets/Content/Utilities/New_LUT.uexp" 763
"../../../Engine/Content/Functions/Engine_MaterialFunctions03/Math/RemapValueRange.uasset" 764
"../../../Engine/Content/Functions/Engine_MaterialFunctions03/Math/RemapValueRange.uexp" 765
"../../../Engine/Plugins/Interchange/Assets/Content/Functions/MF_Iridescence.uasset" 766
"../../../Engine/Plugins/Interchange/Assets/Content/Functions/MF_Iridescence.uexp" 767
"../../../Engine/Plugins/Interchange/Assets/Content/gltf/Textures/T_White_srgb.uasset" 768
"../../../Engine/Plugins/Interchange/Assets/Content/gltf/Textures/T_White_srgb.uexp" 769
"../../../Engine/Plugins/Interchange/Assets/Content/gltf/MaterialFunctions/MF_BaseColor.uasset" 770
"../../../Engine/Plugins/Interchange/Assets/Content/gltf/MaterialFunctions/MF_BaseColor.uexp" 771
"../../../Engine/Plugins/Interchange/Assets/Content/gltf/MaterialFunctions/MF_RotateNormals_TS.uasset" 772
"../../../Engine/Plugins/Interchange/Assets/Content/gltf/MaterialFunctions/MF_RotateNormals_TS.uexp" 773
"../../../Engine/Plugins/Interchange/Assets/Content/gltf/Textures/T_Generic_N.uasset" 774
"../../../Engine/Plugins/Interchange/Assets/Content/gltf/Textures/T_Generic_N.uexp" 775
"../../../Engine/Plugins/Interchange/Assets/Content/gltf/Textures/T_White_Linear.uasset" 776
"../../../Engine/Plugins/Interchange/Assets/Content/gltf/Textures/T_White_Linear.uexp" 777
"../../../Engine/Plugins/Interchange/Assets/Content/gltf/MaterialFunctions/MF_Clearcoat.uasset" 778
"../../../Engine/Plugins/Interchange/Assets/Content/gltf/MaterialFunctions/MF_Clearcoat.uexp" 779
"../../../Engine/Plugins/Interchange/Assets/Content/gltf/MaterialFunctions/MF_Emissive.uasset" 780
"../../../Engine/Plugins/Interchange/Assets/Content/gltf/MaterialFunctions/MF_Emissive.uexp" 781
"../../../Engine/Plugins/Interchange/Assets/Content/gltf/MaterialFunctions/MF_IOR.uasset" 782
"../../../Engine/Plugins/Interchange/Assets/Content/gltf/MaterialFunctions/MF_IOR.uexp" 783
"../../../Engine/Plugins/Interchange/Assets/Content/gltf/MaterialFunctions/MF_Iridescence.uasset" 784
"../../../Engine/Plugins/Interchange/Assets/Content/gltf/MaterialFunctions/MF_Iridescence.uexp" 785
"../../../Engine/Plugins/Interchange/Assets/Content/gltf/MaterialFunctions/MF_MetallicRoughness.uasset" 786
"../../../Engine/Plugins/Interchange/Assets/Content/gltf/MaterialFunctions/MF_MetallicRoughness.uexp" 787
"../../../Engine/Plugins/Interchange/Assets/Content/gltf/MaterialFunctions/MF_ScaleNormal.uasset" 788
"../../../Engine/Plugins/Interchange/Assets/Content/gltf/MaterialFunctions/MF_ScaleNormal.uexp" 789
"../../../Engine/Plugins/Interchange/Assets/Content/gltf/MaterialFunctions/MF_Normals.uasset" 790
"../../../Engine/Plugins/Interchange/Assets/Content/gltf/MaterialFunctions/MF_Normals.uexp" 791
"../../../Engine/Plugins/Interchange/Assets/Content/gltf/MaterialFunctions/MF_Occlusion.uasset" 792
"../../../Engine/Plugins/Interchange/Assets/Content/gltf/MaterialFunctions/MF_Occlusion.uexp" 793
"../../../Engine/Plugins/Interchange/Assets/Content/gltf/MaterialFunctions/MF_Specular.uasset" 794
"../../../Engine/Plugins/Interchange/Assets/Content/gltf/MaterialFunctions/MF_Specular.uexp" 795
"../../../Engine/Plugins/Interchange/Assets/Content/gltf/Textures/T_Anisotropy_Direction_Linear.uasset" 796
"../../../Engine/Plugins/Interchange/Assets/Content/gltf/Textures/T_Anisotropy_Direction_Linear.uexp" 797
"../../../Engine/Plugins/Interchange/Assets/Content/gltf/MaterialFunctions/MF_SpecularAnisotropy.uasset" 798
"../../../Engine/Plugins/Interchange/Assets/Content/gltf/MaterialFunctions/MF_SpecularAnisotropy.uexp" 799
"../../../Engine/Plugins/Interchange/Assets/Content/gltf/MaterialFunctions/MF_RotateV2.uasset" 800
"../../../Engine/Plugins/Interchange/Assets/Content/gltf/MaterialFunctions/MF_RotateV2.uexp" 801
"../../../Engine/Plugins/Interchange/Assets/Content/gltf/MaterialFunctions/MF_TransformUVs.uasset" 802
"../../../Engine/Plugins/Interchange/Assets/Content/gltf/MaterialFunctions/MF_TransformUVs.uexp" 803
"../../../Engine/Plugins/Interchange/Assets/Content/gltf/MaterialBodies/MF_ClearCoat_Body.uasset" 804
"../../../Engine/Plugins/Interchange/Assets/Content/gltf/MaterialBodies/MF_ClearCoat_Body.uexp" 805
"../../../Engine/Plugins/Interchange/Assets/Content/gltf/M_ClearCoat.uasset" 806
"../../../Engine/Plugins/Interchange/Assets/Content/gltf/M_ClearCoat.uexp" 807
"../../../Engine/Plugins/Interchange/Assets/Content/gltf/MaterialInstances/MI_ClearCoat_Blend.uasset" 808
"../../../Engine/Plugins/Interchange/Assets/Content/gltf/MaterialInstances/MI_ClearCoat_Blend.uexp" 809
"../../../Engine/Plugins/Interchange/Assets/Content/gltf/MaterialInstances/MI_ClearCoat_Blend_DS.uasset" 810
"../../../Engine/Plugins/Interchange/Assets/Content/gltf/MaterialInstances/MI_ClearCoat_Blend_DS.uexp" 811
"../../../Engine/Plugins/Interchange/Assets/Content/gltf/MaterialInstances/MI_ClearCoat_Mask.uasset" 812
"../../../Engine/Plugins/Interchange/Assets/Content/gltf/MaterialInstances/MI_ClearCoat_Mask.uexp" 813
"../../../Engine/Plugins/Interchange/Assets/Content/gltf/MaterialInstances/MI_ClearCoat_Mask_DS.uasset" 814
"../../../Engine/Plugins/Interchange/Assets/Content/gltf/MaterialInstances/MI_ClearCoat_Mask_DS.uexp" 815
"../../../Engine/Plugins/Interchange/Assets/Content/gltf/MaterialInstances/MI_ClearCoat_Opaque.uasset" 816
"../../../Engine/Plugins/Interchange/Assets/Content/gltf/MaterialInstances/MI_ClearCoat_Opaque.uexp" 817
"../../../Engine/Plugins/Interchange/Assets/Content/gltf/MaterialInstances/MI_ClearCoat_Opaque_DS.uasset" 818
"../../../Engine/Plugins/Interchange/Assets/Content/gltf/MaterialInstances/MI_ClearCoat_Opaque_DS.uexp" 819
"../../../Engine/Plugins/Interchange/Assets/Content/gltf/MaterialBodies/MF_Default_Body.uasset" 820
"../../../Engine/Plugins/Interchange/Assets/Content/gltf/MaterialBodies/MF_Default_Body.uexp" 821
"../../../Engine/Plugins/Interchange/Assets/Content/gltf/M_Default.uasset" 822
"../../../Engine/Plugins/Interchange/Assets/Content/gltf/M_Default.uexp" 823
"../../../Engine/Plugins/Interchange/Assets/Content/gltf/MaterialInstances/MI_Default_Blend.uasset" 824
"../../../Engine/Plugins/Interchange/Assets/Content/gltf/MaterialInstances/MI_Default_Blend.uexp" 825
"../../../Engine/Plugins/Interchange/Assets/Content/gltf/MaterialInstances/MI_Default_Blend_DS.uasset" 826
"../../../Engine/Plugins/Interchange/Assets/Content/gltf/MaterialInstances/MI_Default_Blend_DS.uexp" 827
"../../../Engine/Plugins/Interchange/Assets/Content/gltf/MaterialInstances/MI_Default_Mask.uasset" 828
"../../../Engine/Plugins/Interchange/Assets/Content/gltf/MaterialInstances/MI_Default_Mask.uexp" 829
"../../../Engine/Plugins/Interchange/Assets/Content/gltf/MaterialInstances/MI_Default_Mask_DS.uasset" 830
"../../../Engine/Plugins/Interchange/Assets/Content/gltf/MaterialInstances/MI_Default_Mask_DS.uexp" 831
"../../../Engine/Plugins/Interchange/Assets/Content/gltf/MaterialInstances/MI_Default_Opaque.uasset" 832
"../../../Engine/Plugins/Interchange/Assets/Content/gltf/MaterialInstances/MI_Default_Opaque.uexp" 833
"../../../Engine/Plugins/Interchange/Assets/Content/gltf/MaterialFunctions/MF_Sheen.uasset" 834
"../../../Engine/Plugins/Interchange/Assets/Content/gltf/MaterialFunctions/MF_Sheen.uexp" 835
"../../../Engine/Plugins/Interchange/Assets/Content/gltf/MaterialBodies/MF_Sheen_Body.uasset" 836
"../../../Engine/Plugins/Interchange/Assets/Content/gltf/MaterialBodies/MF_Sheen_Body.uexp" 837
"../../../Engine/Plugins/Interchange/Assets/Content/gltf/M_Sheen.uasset" 838
"../../../Engine/Plugins/Interchange/Assets/Content/gltf/M_Sheen.uexp" 839
"../../../Engine/Plugins/Interchange/Assets/Content/gltf/MaterialInstances/MI_Sheen_Blend.uasset" 840
"../../../Engine/Plugins/Interchange/Assets/Content/gltf/MaterialInstances/MI_Sheen_Blend.uexp" 841
"../../../Engine/Plugins/Interchange/Assets/Content/gltf/MaterialInstances/MI_Sheen_Blend_DS.uasset" 842
"../../../Engine/Plugins/Interchange/Assets/Content/gltf/MaterialInstances/MI_Sheen_Blend_DS.uexp" 843
"../../../Engine/Plugins/Interchange/Assets/Content/gltf/MaterialInstances/MI_Sheen_Mask.uasset" 844
"../../../Engine/Plugins/Interchange/Assets/Content/gltf/MaterialInstances/MI_Sheen_Mask.uexp" 845
"../../../Engine/Plugins/Interchange/Assets/Content/gltf/MaterialInstances/MI_Sheen_Mask_DS.uasset" 846
"../../../Engine/Plugins/Interchange/Assets/Content/gltf/MaterialInstances/MI_Sheen_Mask_DS.uexp" 847
"../../../Engine/Plugins/Interchange/Assets/Content/gltf/MaterialInstances/MI_Sheen_Opaque.uasset" 848
"../../../Engine/Plugins/Interchange/Assets/Content/gltf/MaterialInstances/MI_Sheen_Opaque.uexp" 849
"../../../Engine/Plugins/Interchange/Assets/Content/gltf/MaterialInstances/MI_Sheen_Opaque_DS.uasset" 850
"../../../Engine/Plugins/Interchange/Assets/Content/gltf/MaterialInstances/MI_Sheen_Opaque_DS.uexp" 851
"../../../Engine/Plugins/Interchange/Assets/Content/gltf/MaterialFunctions/MF_DiffuseSpecGloss.uasset" 852
"../../../Engine/Plugins/Interchange/Assets/Content/gltf/MaterialFunctions/MF_DiffuseSpecGloss.uexp" 853
"../../../Engine/Plugins/Interchange/Assets/Content/gltf/MaterialFunctions/MF_MaxComponentValue.uasset" 854
"../../../Engine/Plugins/Interchange/Assets/Content/gltf/MaterialFunctions/MF_MaxComponentValue.uexp" 855
"../../../Engine/Content/Functions/Engine_MaterialFunctions02/Math/AddComponents.uasset" 856
"../../../Engine/Content/Functions/Engine_MaterialFunctions02/Math/AddComponents.uexp" 857
"../../../Engine/Plugins/Interchange/Assets/Content/gltf/MaterialFunctions/MF_PerceivedBrightness.uasset" 858
"../../../Engine/Plugins/Interchange/Assets/Content/gltf/MaterialFunctions/MF_PerceivedBrightness.uexp" 859
"../../../Engine/Plugins/Interchange/Assets/Content/gltf/MaterialFunctions/MF_SpecGlossToMetalRoughness.uasset" 860
"../../../Engine/Plugins/Interchange/Assets/Content/gltf/MaterialFunctions/MF_SpecGlossToMetalRoughness.uexp" 861
"../../../Engine/Plugins/Interchange/Assets/Content/gltf/MaterialBodies/MF_SpecularGlossiness_Body.uasset" 862
"../../../Engine/Plugins/Interchange/Assets/Content/gltf/MaterialBodies/MF_SpecularGlossiness_Body.uexp" 863
"../../../Engine/Plugins/Interchange/Assets/Content/gltf/M_SpecularGlossiness.uasset" 864
"../../../Engine/Plugins/Interchange/Assets/Content/gltf/M_SpecularGlossiness.uexp" 865
"../../../Engine/Plugins/Interchange/Assets/Content/gltf/MaterialInstances/MI_SpecularGlossiness_Blend.uasset" 866
"../../../Engine/Plugins/Interchange/Assets/Content/gltf/MaterialInstances/MI_SpecularGlossiness_Blend.uexp" 867
"../../../Engine/Plugins/Interchange/Assets/Content/gltf/MaterialInstances/MI_SpecularGlossiness_Blend_DS.uasset" 868
"../../../Engine/Plugins/Interchange/Assets/Content/gltf/MaterialInstances/MI_SpecularGlossiness_Blend_DS.uexp" 869
"../../../Engine/Plugins/Interchange/Assets/Content/gltf/MaterialInstances/MI_SpecularGlossiness_Mask.uasset" 870
"../../../Engine/Plugins/Interchange/Assets/Content/gltf/MaterialInstances/MI_SpecularGlossiness_Mask.uexp" 871
"../../../Engine/Plugins/Interchange/Assets/Content/gltf/MaterialInstances/MI_SpecularGlossiness_Mask_DS.uasset" 872
"../../../Engine/Plugins/Interchange/Assets/Content/gltf/MaterialInstances/MI_SpecularGlossiness_Mask_DS.uexp" 873
"../../../Engine/Plugins/Interchange/Assets/Content/gltf/MaterialInstances/MI_SpecularGlossiness_Opaque.uasset" 874
"../../../Engine/Plugins/Interchange/Assets/Content/gltf/MaterialInstances/MI_SpecularGlossiness_Opaque.uexp" 875
"../../../Engine/Plugins/Interchange/Assets/Content/gltf/MaterialInstances/MI_SpecularGlossiness_Opaque_DS.uasset" 876
"../../../Engine/Plugins/Interchange/Assets/Content/gltf/MaterialInstances/MI_SpecularGlossiness_Opaque_DS.uexp" 877
"../../../Engine/Content/EngineMaterials/Good64x64TilingNoiseHighFreq.uasset" 878
"../../../Engine/Content/EngineMaterials/Good64x64TilingNoiseHighFreq.uexp" 879
"../../../Engine/Content/Functions/Engine_MaterialFunctions02/Texturing/ScreenAlignedPixelToPixelUVs.uasset" 880
"../../../Engine/Content/Functions/Engine_MaterialFunctions02/Texturing/ScreenAlignedPixelToPixelUVs.uexp" 881
"../../../Engine/Plugins/Interchange/Assets/Content/gltf/MaterialFunctions/MF_Fresnel_DS.uasset" 882
"../../../Engine/Plugins/Interchange/Assets/Content/gltf/MaterialFunctions/MF_Fresnel_DS.uexp" 883
"../../../Engine/Plugins/Interchange/Assets/Content/gltf/MaterialFunctions/MF_Temporal_Blur.uasset" 884
"../../../Engine/Plugins/Interchange/Assets/Content/gltf/MaterialFunctions/MF_Temporal_Blur.uexp" 885
"../../../Engine/Plugins/Interchange/Assets/Content/gltf/MaterialFunctions/MF_Transmission.uasset" 886
"../../../Engine/Plugins/Interchange/Assets/Content/gltf/MaterialFunctions/MF_Transmission.uexp" 887
"../../../Engine/Plugins/Interchange/Assets/Content/gltf/MaterialBodies/MF_Transmission_Body.uasset" 888
"../../../Engine/Plugins/Interchange/Assets/Content/gltf/MaterialBodies/MF_Transmission_Body.uexp" 889
"../../../Engine/Plugins/Interchange/Assets/Content/gltf/M_Transmission.uasset" 890
"../../../Engine/Plugins/Interchange/Assets/Content/gltf/M_Transmission.uexp" 891
"../../../Engine/Plugins/Interchange/Assets/Content/gltf/MaterialInstances/MI_Transmission.uasset" 892
"../../../Engine/Plugins/Interchange/Assets/Content/gltf/MaterialInstances/MI_Transmission.uexp" 893
"../../../Engine/Plugins/Interchange/Assets/Content/gltf/MaterialInstances/MI_Transmission_DS.uasset" 894
"../../../Engine/Plugins/Interchange/Assets/Content/gltf/MaterialInstances/MI_Transmission_DS.uexp" 895
"../../../Engine/Plugins/Interchange/Assets/Content/gltf/MaterialBodies/MF_Unlit_Body.uasset" 896
"../../../Engine/Plugins/Interchange/Assets/Content/gltf/MaterialBodies/MF_Unlit_Body.uexp" 897
"../../../Engine/Plugins/Interchange/Assets/Content/gltf/M_Unlit.uasset" 898
"../../../Engine/Plugins/Interchange/Assets/Content/gltf/M_Unlit.uexp" 899
"../../../Engine/Plugins/Interchange/Assets/Content/gltf/MaterialInstances/MI_Unlit_Blend.uasset" 900
"../../../Engine/Plugins/Interchange/Assets/Content/gltf/MaterialInstances/MI_Unlit_Blend.uexp" 901
"../../../Engine/Plugins/Interchange/Assets/Content/gltf/MaterialInstances/MI_Unlit_Blend_DS.uasset" 902
"../../../Engine/Plugins/Interchange/Assets/Content/gltf/MaterialInstances/MI_Unlit_Blend_DS.uexp" 903
"../../../Engine/Plugins/Interchange/Assets/Content/gltf/MaterialInstances/MI_Unlit_Mask.uasset" 904
"../../../Engine/Plugins/Interchange/Assets/Content/gltf/MaterialInstances/MI_Unlit_Mask.uexp" 905
"../../../Engine/Plugins/Interchange/Assets/Content/gltf/MaterialInstances/MI_Unlit_Mask_DS.uasset" 906
"../../../Engine/Plugins/Interchange/Assets/Content/gltf/MaterialInstances/MI_Unlit_Mask_DS.uexp" 907
"../../../Engine/Plugins/Interchange/Assets/Content/gltf/MaterialInstances/MI_Unlit_Opaque.uasset" 908
"../../../Engine/Plugins/Interchange/Assets/Content/gltf/MaterialInstances/MI_Unlit_Opaque.uexp" 909
"../../../Engine/Plugins/Interchange/Assets/Content/gltf/MaterialInstances/MI_Unlit_Opaque_DS.uasset" 910
"../../../Engine/Plugins/Interchange/Assets/Content/gltf/MaterialInstances/MI_Unlit_Opaque_DS.uexp" 911
"../../../Engine/Content/EngineMaterials/Substrate/GLints/AGlintTex2dArray.uasset" 912
"../../../Engine/Content/EngineMaterials/Substrate/GLints/AGlintTex2dArray.uexp" 913
"../../../Engine/Content/ArtTools/RenderToTexture/Meshes/S_1_Unit_Plane.ubulk" 914
"../../../Engine/Content/ArtTools/RenderToTexture/Meshes/S_1_Unit_Plane.uasset" 915
"../../../Engine/Content/ArtTools/RenderToTexture/Meshes/S_1_Unit_Plane.uexp" 916
"../../../Engine/Content/EngineMaterials/Substrate/Glints2/AGlintTex2dArray2.uasset" 917
"../../../Engine/Content/EngineMaterials/Substrate/Glints2/AGlintTex2dArray2.uexp" 918
"../../../Engine/Content/EngineMaterials/Substrate/Volume/SubstrateSimpleVolumeEnvLUT3D.uasset" 919
"../../../Engine/Content/EngineMaterials/Substrate/Volume/SubstrateSimpleVolumeEnvLUT3D.uexp" 920
"../../../Engine/Content/Functions/Engine_MaterialFunctions01/Shading/PowerToRoughness.uasset" 921
"../../../Engine/Content/Functions/Engine_MaterialFunctions01/Shading/PowerToRoughness.uexp" 922
"../../../Engine/Content/EngineMaterials/Substrate/Volume/SubstrateSimpleVolumeLUT3D.uasset" 923
"../../../Engine/Content/EngineMaterials/Substrate/Volume/SubstrateSimpleVolumeLUT3D.uexp" 924
"../../../Engine/Content/Functions/Engine_MaterialFunctions01/Shading/ConvertFromDiffSpec.uasset" 925
"../../../Engine/Content/Functions/Engine_MaterialFunctions01/Shading/ConvertFromDiffSpec.uexp" 926
"C:/Users/simje/Documents/Unreal Projects/Bomb-Jack-Remake/Content/Audio/Music/SC_MasterMusic.uasset" 927
"C:/Users/simje/Documents/Unreal Projects/Bomb-Jack-Remake/Content/Audio/Music/SC_MasterMusic.uexp" 928
"C:/Users/simje/Documents/Unreal Projects/Bomb-Jack-Remake/Content/Audio/SFX/SC_MasterSFX.uasset" 929
"C:/Users/simje/Documents/Unreal Projects/Bomb-Jack-Remake/Content/Audio/SFX/SC_MasterSFX.uexp" 930
"C:/Users/simje/Documents/Unreal Projects/Bomb-Jack-Remake/Content/Audio/SCM_MasterMix.uasset" 931
"C:/Users/simje/Documents/Unreal Projects/Bomb-Jack-Remake/Content/Audio/SCM_MasterMix.uexp" 932
"C:/Users/simje/Documents/Unreal Projects/Bomb-Jack-Remake/Content/SaveGame/BP_SettingsSave.uasset" 933
"C:/Users/simje/Documents/Unreal Projects/Bomb-Jack-Remake/Content/SaveGame/BP_SettingsSave.uexp" 934
"C:/Users/simje/Documents/Unreal Projects/Bomb-Jack-Remake/Content/Audio/Music/SW_GameTheme.ubulk" 935
"C:/Users/simje/Documents/Unreal Projects/Bomb-Jack-Remake/Content/Audio/Music/SW_GameTheme.uasset" 936
"C:/Users/simje/Documents/Unreal Projects/Bomb-Jack-Remake/Content/Audio/Music/SW_GameTheme.uexp" 937
"C:/Users/simje/Documents/Unreal Projects/Bomb-Jack-Remake/Content/Input/Actions/IA_DashA.uasset" 938
"C:/Users/simje/Documents/Unreal Projects/Bomb-Jack-Remake/Content/Input/Actions/IA_DashA.uexp" 939
"C:/Users/simje/Documents/Unreal Projects/Bomb-Jack-Remake/Content/Input/Actions/IA_Float.uasset" 940
"C:/Users/simje/Documents/Unreal Projects/Bomb-Jack-Remake/Content/Input/Actions/IA_Float.uexp" 941
"C:/Users/simje/Documents/Unreal Projects/Bomb-Jack-Remake/Content/Input/Actions/IA_Jump.uasset" 942
"C:/Users/simje/Documents/Unreal Projects/Bomb-Jack-Remake/Content/Input/Actions/IA_Jump.uexp" 943
"C:/Users/simje/Documents/Unreal Projects/Bomb-Jack-Remake/Content/Input/Actions/IA_Look.uasset" 944
"C:/Users/simje/Documents/Unreal Projects/Bomb-Jack-Remake/Content/Input/Actions/IA_Look.uexp" 945
"C:/Users/simje/Documents/Unreal Projects/Bomb-Jack-Remake/Content/Input/Actions/IA_Move.uasset" 946
"C:/Users/simje/Documents/Unreal Projects/Bomb-Jack-Remake/Content/Input/Actions/IA_Move.uexp" 947
"C:/Users/simje/Documents/Unreal Projects/Bomb-Jack-Remake/Content/Input/Actions/IA_Pause.uasset" 948
"C:/Users/simje/Documents/Unreal Projects/Bomb-Jack-Remake/Content/Input/Actions/IA_Pause.uexp" 949
"C:/Users/simje/Documents/Unreal Projects/Bomb-Jack-Remake/Content/Input/Actions/IA_Walk.uasset" 950
"C:/Users/simje/Documents/Unreal Projects/Bomb-Jack-Remake/Content/Input/Actions/IA_Walk.uexp" 951
"C:/Users/simje/Documents/Unreal Projects/Bomb-Jack-Remake/Content/Input/Actions/IA_MouseLook.uasset" 952
"C:/Users/simje/Documents/Unreal Projects/Bomb-Jack-Remake/Content/Input/Actions/IA_MouseLook.uexp" 953
"C:/Users/simje/Documents/Unreal Projects/Bomb-Jack-Remake/Content/PhysicalMaterial/S_MovementValues.uasset" 954
"C:/Users/simje/Documents/Unreal Projects/Bomb-Jack-Remake/Content/PhysicalMaterial/S_MovementValues.uexp" 955
"C:/Users/simje/Documents/Unreal Projects/Bomb-Jack-Remake/Content/UI/T_PauseMenuBG.uasset" 956
"C:/Users/simje/Documents/Unreal Projects/Bomb-Jack-Remake/Content/UI/T_PauseMenuBG.uexp" 957
"C:/Users/simje/Documents/Unreal Projects/Bomb-Jack-Remake/Content/Audio/SFX/SW_MenuHoverClick.ubulk" 958
"C:/Users/simje/Documents/Unreal Projects/Bomb-Jack-Remake/Content/Audio/SFX/SW_MenuHoverClick.uasset" 959
"C:/Users/simje/Documents/Unreal Projects/Bomb-Jack-Remake/Content/Audio/SFX/SW_MenuHoverClick.uexp" 960
"C:/Users/simje/Documents/Unreal Projects/Bomb-Jack-Remake/Content/UI/Fonts/DuneRise/Dune_Rise.uexp" 961
"C:/Users/simje/Documents/Unreal Projects/Bomb-Jack-Remake/Content/UI/Fonts/DuneRise/Dune_Rise.uasset" 962
"C:/Users/simje/Documents/Unreal Projects/Bomb-Jack-Remake/Content/UI/Fonts/DuneRise/Dune_Rise.ufont" 963
"C:/Users/simje/Documents/Unreal Projects/Bomb-Jack-Remake/Content/UI/Fonts/DuneRise/Dune_Rise_Font.uasset" 964
"C:/Users/simje/Documents/Unreal Projects/Bomb-Jack-Remake/Content/UI/Fonts/DuneRise/Dune_Rise_Font.uexp" 965
"C:/Users/simje/Documents/Unreal Projects/Bomb-Jack-Remake/Content/UI/WBP_Button.uasset" 966
"C:/Users/simje/Documents/Unreal Projects/Bomb-Jack-Remake/Content/UI/WBP_Button.uexp" 967
"C:/Users/simje/Documents/Unreal Projects/Bomb-Jack-Remake/Content/UI/WBP_PauseMenu.uasset" 968
"C:/Users/simje/Documents/Unreal Projects/Bomb-Jack-Remake/Content/UI/WBP_PauseMenu.uexp" 969
"C:/Users/simje/Documents/Unreal Projects/Bomb-Jack-Remake/Content/Input/Touch/BPI_TouchInterface.uasset" 970
"C:/Users/simje/Documents/Unreal Projects/Bomb-Jack-Remake/Content/Input/Touch/BPI_TouchInterface.uexp" 971
"C:/Users/simje/Documents/Unreal Projects/Bomb-Jack-Remake/Content/Characters/Jackie/Materials/M_CircularHoverProgress.uasset" 972
"C:/Users/simje/Documents/Unreal Projects/Bomb-Jack-Remake/Content/Characters/Jackie/Materials/M_CircularHoverProgress.uexp" 973
"C:/Users/simje/Documents/Unreal Projects/Bomb-Jack-Remake/Content/Characters/Jackie/WBP_FloatTimer.uasset" 974
"C:/Users/simje/Documents/Unreal Projects/Bomb-Jack-Remake/Content/Characters/Jackie/WBP_FloatTimer.uexp" 975
"../../../Engine/Plugins/Animation/ACLPlugin/Content/ACLAnimBoneCompressionSettings.uasset" 976
"../../../Engine/Plugins/Animation/ACLPlugin/Content/ACLAnimBoneCompressionSettings.uexp" 977
"../../../Engine/Plugins/Animation/ACLPlugin/Content/ACLAnimCurveCompressionSettings.uasset" 978
"../../../Engine/Plugins/Animation/ACLPlugin/Content/ACLAnimCurveCompressionSettings.uexp" 979
"../../../Engine/Content/Animation/DefaultVariableFrameStrippingSettings.uasset" 980
"../../../Engine/Content/Animation/DefaultVariableFrameStrippingSettings.uexp" 981
"C:/Users/simje/Documents/Unreal Projects/Bomb-Jack-Remake/Content/Characters/Jackie/Meshes/SK_Blender_jackie_Skeleton.uasset" 982
"C:/Users/simje/Documents/Unreal Projects/Bomb-Jack-Remake/Content/Characters/Jackie/Meshes/SK_Blender_jackie_Skeleton.uexp" 983
"C:/Users/simje/Documents/Unreal Projects/Bomb-Jack-Remake/Content/Characters/Jackie/Anims/AS_Falling.uasset" 984
"C:/Users/simje/Documents/Unreal Projects/Bomb-Jack-Remake/Content/Characters/Jackie/Anims/AS_Falling.uexp" 985
"C:/Users/simje/Documents/Unreal Projects/Bomb-Jack-Remake/Content/Characters/Jackie/Anims/AS_Idle.uasset" 986
"C:/Users/simje/Documents/Unreal Projects/Bomb-Jack-Remake/Content/Characters/Jackie/Anims/AS_Idle.uexp" 987
"C:/Users/simje/Documents/Unreal Projects/Bomb-Jack-Remake/Content/Characters/Jackie/Anims/AS_Jump.uasset" 988
"C:/Users/simje/Documents/Unreal Projects/Bomb-Jack-Remake/Content/Characters/Jackie/Anims/AS_Jump.uexp" 989
"C:/Users/simje/Documents/Unreal Projects/Bomb-Jack-Remake/Content/Characters/Jackie/Anims/AS_Land.uasset" 990
"C:/Users/simje/Documents/Unreal Projects/Bomb-Jack-Remake/Content/Characters/Jackie/Anims/AS_Land.uexp" 991
"C:/Users/simje/Documents/Unreal Projects/Bomb-Jack-Remake/Content/Characters/Jackie/Anims/AS_Run.uasset" 992
"C:/Users/simje/Documents/Unreal Projects/Bomb-Jack-Remake/Content/Characters/Jackie/Anims/AS_Run.uexp" 993
"C:/Users/simje/Documents/Unreal Projects/Bomb-Jack-Remake/Content/Characters/Jackie/Anims/AS_Walk.uasset" 994
"C:/Users/simje/Documents/Unreal Projects/Bomb-Jack-Remake/Content/Characters/Jackie/Anims/AS_Walk.uexp" 995
"C:/Users/simje/Documents/Unreal Projects/Bomb-Jack-Remake/Content/Characters/Jackie/Anims/BS_Movement.uasset" 996
"C:/Users/simje/Documents/Unreal Projects/Bomb-Jack-Remake/Content/Characters/Jackie/Anims/BS_Movement.uexp" 997
"C:/Users/simje/Documents/Unreal Projects/Bomb-Jack-Remake/Content/Characters/Jackie/Anims/ABP_Jackie.uasset" 998
"C:/Users/simje/Documents/Unreal Projects/Bomb-Jack-Remake/Content/Characters/Jackie/Anims/ABP_Jackie.uexp" 999
"C:/Users/simje/Documents/Unreal Projects/Bomb-Jack-Remake/Content/Characters/Jackie/Audio/SW_PlayerDash.ubulk" 1000
"C:/Users/simje/Documents/Unreal Projects/Bomb-Jack-Remake/Content/Characters/Jackie/Audio/SW_PlayerDash.uasset" 1001
"C:/Users/simje/Documents/Unreal Projects/Bomb-Jack-Remake/Content/Characters/Jackie/Audio/SW_PlayerDash.uexp" 1002
"C:/Users/simje/Documents/Unreal Projects/Bomb-Jack-Remake/Content/Characters/Jackie/Audio/SW_PlayerJump.ubulk" 1003
"C:/Users/simje/Documents/Unreal Projects/Bomb-Jack-Remake/Content/Characters/Jackie/Audio/SW_PlayerJump.uasset" 1004
"C:/Users/simje/Documents/Unreal Projects/Bomb-Jack-Remake/Content/Characters/Jackie/Audio/SW_PlayerJump.uexp" 1005
"C:/Users/simje/Documents/Unreal Projects/Bomb-Jack-Remake/Content/Characters/Jackie/Audio/SW_PlayerLanding.ubulk" 1006
"C:/Users/simje/Documents/Unreal Projects/Bomb-Jack-Remake/Content/Characters/Jackie/Audio/SW_PlayerLanding.uasset" 1007
"C:/Users/simje/Documents/Unreal Projects/Bomb-Jack-Remake/Content/Characters/Jackie/Audio/SW_PlayerLanding.uexp" 1008
"C:/Users/simje/Documents/Unreal Projects/Bomb-Jack-Remake/Content/Characters/Jackie/Audio/SW_PowerUp.ubulk" 1009
"C:/Users/simje/Documents/Unreal Projects/Bomb-Jack-Remake/Content/Characters/Jackie/Audio/SW_PowerUp.uasset" 1010
"C:/Users/simje/Documents/Unreal Projects/Bomb-Jack-Remake/Content/Characters/Jackie/Audio/SW_PowerUp.uexp" 1011
"../../../Engine/Content/Functions/Engine_MaterialFunctions01/Density/ExponentialDensity.uasset" 1012
"../../../Engine/Content/Functions/Engine_MaterialFunctions01/Density/ExponentialDensity.uexp" 1013
"../../../Engine/Content/Functions/Engine_MaterialFunctions01/Gradient/RadialGradientExponential.uasset" 1014
"../../../Engine/Content/Functions/Engine_MaterialFunctions01/Gradient/RadialGradientExponential.uexp" 1015
"C:/Users/simje/Documents/Unreal Projects/Bomb-Jack-Remake/Content/Characters/Jackie/Materials/M_DropShadow.uasset" 1016
"C:/Users/simje/Documents/Unreal Projects/Bomb-Jack-Remake/Content/Characters/Jackie/Materials/M_DropShadow.uexp" 1017
"../../../Engine/Content/EngineResources/DefaultTexture.ubulk" 1018
"../../../Engine/Content/EngineResources/DefaultTexture.uasset" 1019
"../../../Engine/Content/EngineResources/DefaultTexture.uexp" 1020
"../../../Engine/Content/EngineMaterials/DefaultNormal.ubulk" 1021
"../../../Engine/Content/EngineMaterials/DefaultNormal.uasset" 1022
"../../../Engine/Content/EngineMaterials/DefaultNormal.uexp" 1023
"../../../Engine/Content/Functions/Engine_MaterialFunctions03/Procedurals/NormalFromHeightmap.uasset" 1024
"../../../Engine/Content/Functions/Engine_MaterialFunctions03/Procedurals/NormalFromHeightmap.uexp" 1025
"../../../Engine/Plugins/Interchange/Assets/Content/Functions/MF_PhongToMetalRoughness.uasset" 1026
"../../../Engine/Plugins/Interchange/Assets/Content/Functions/MF_PhongToMetalRoughness.uexp" 1027
"C:/Users/simje/Documents/Unreal Projects/Bomb-Jack-Remake/Content/Characters/Jackie/Materials/MI_Master_Character.uasset" 1028
"C:/Users/simje/Documents/Unreal Projects/Bomb-Jack-Remake/Content/Characters/Jackie/Materials/MI_Master_Character.uexp" 1029
"C:/Users/simje/Documents/Unreal Projects/Bomb-Jack-Remake/Content/Characters/Jackie/Texture/T_Jackie_DIFF.ubulk" 1030
"C:/Users/simje/Documents/Unreal Projects/Bomb-Jack-Remake/Content/Characters/Jackie/Texture/T_Jackie_DIFF.uasset" 1031
"C:/Users/simje/Documents/Unreal Projects/Bomb-Jack-Remake/Content/Characters/Jackie/Texture/T_Jackie_DIFF.uexp" 1032
"C:/Users/simje/Documents/Unreal Projects/Bomb-Jack-Remake/Content/Characters/Jackie/Materials/MI_character_mat.uasset" 1033
"C:/Users/simje/Documents/Unreal Projects/Bomb-Jack-Remake/Content/Characters/Jackie/Materials/MI_character_mat.uexp" 1034
"C:/Users/simje/Documents/Unreal Projects/Bomb-Jack-Remake/Content/Characters/Jackie/Materials/MI_character_metal_mat.uasset" 1035
"C:/Users/simje/Documents/Unreal Projects/Bomb-Jack-Remake/Content/Characters/Jackie/Materials/MI_character_metal_mat.uexp" 1036
"C:/Users/simje/Documents/Unreal Projects/Bomb-Jack-Remake/Content/Characters/Jackie/Meshes/SK_Blender_jackie.uasset" 1037
"C:/Users/simje/Documents/Unreal Projects/Bomb-Jack-Remake/Content/Characters/Jackie/Meshes/SK_Blender_jackie.uexp" 1038
"../../../Engine/Plugins/FX/Niagara/Content/DefaultAssets/DefaultSpriteMaterial.uasset" 1039
"../../../Engine/Plugins/FX/Niagara/Content/DefaultAssets/DefaultSpriteMaterial.uexp" 1040
"C:/Users/simje/Documents/Unreal Projects/Bomb-Jack-Remake/Content/Characters/Jackie/SuperStateStuff/NS_SuperStateIndicator.uasset" 1041
"C:/Users/simje/Documents/Unreal Projects/Bomb-Jack-Remake/Content/Characters/Jackie/SuperStateStuff/NS_SuperStateIndicator.uexp" 1042
"../../../Engine/Plugins/FX/Niagara/Content/VectorFields/Assets/TilingCurl32.uasset" 1043
"../../../Engine/Plugins/FX/Niagara/Content/VectorFields/Assets/TilingCurl32.uexp" 1044
"C:/Users/simje/Documents/Unreal Projects/Bomb-Jack-Remake/Content/Characters/Jackie/Anims/WooshEffects/NS_DashWoosh.uasset" 1045
"C:/Users/simje/Documents/Unreal Projects/Bomb-Jack-Remake/Content/Characters/Jackie/Anims/WooshEffects/NS_DashWoosh.uexp" 1046
"C:/Users/simje/Documents/Unreal Projects/Bomb-Jack-Remake/Content/Characters/Jackie/Anims/WooshEffects/NS_DoubleJumpWoosh.uasset" 1047
"C:/Users/simje/Documents/Unreal Projects/Bomb-Jack-Remake/Content/Characters/Jackie/Anims/WooshEffects/NS_DoubleJumpWoosh.uexp" 1048
"C:/Users/simje/Documents/Unreal Projects/Bomb-Jack-Remake/Content/Characters/Jackie/Anims/WooshEffects/NS_HoverWoosh.uasset" 1049
"C:/Users/simje/Documents/Unreal Projects/Bomb-Jack-Remake/Content/Characters/Jackie/Anims/WooshEffects/NS_HoverWoosh.uexp" 1050
"C:/Users/simje/Documents/Unreal Projects/Bomb-Jack-Remake/Content/Characters/Jackie/BP_BombieJackieCharacter.uasset" 1051
"C:/Users/simje/Documents/Unreal Projects/Bomb-Jack-Remake/Content/Characters/Jackie/BP_BombieJackieCharacter.uexp" 1052
"C:/Users/simje/Documents/Unreal Projects/Bomb-Jack-Remake/Content/Input/IMC_Default.uasset" 1053
"C:/Users/simje/Documents/Unreal Projects/Bomb-Jack-Remake/Content/Input/IMC_Default.uexp" 1054
"C:/Users/simje/Documents/Unreal Projects/Bomb-Jack-Remake/Content/Input/IMC_MouseLook.uasset" 1055
"C:/Users/simje/Documents/Unreal Projects/Bomb-Jack-Remake/Content/Input/IMC_MouseLook.uexp" 1056
"../../../Engine/Content/MobileResources/HUD/VirtualJoystick_Thumb.uasset" 1057
"../../../Engine/Content/MobileResources/HUD/VirtualJoystick_Thumb.uexp" 1058
"../../../Engine/Content/MobileResources/HUD/VirtualJoystick_Background.uasset" 1059
"../../../Engine/Content/MobileResources/HUD/VirtualJoystick_Background.uexp" 1060
"C:/Users/simje/Documents/Unreal Projects/Bomb-Jack-Remake/Content/Input/Touch/UI_Thumbstick.uasset" 1061
"C:/Users/simje/Documents/Unreal Projects/Bomb-Jack-Remake/Content/Input/Touch/UI_Thumbstick.uexp" 1062
"C:/Users/simje/Documents/Unreal Projects/Bomb-Jack-Remake/Content/Input/Touch/UI_TouchSimple.uasset" 1063
"C:/Users/simje/Documents/Unreal Projects/Bomb-Jack-Remake/Content/Input/Touch/UI_TouchSimple.uexp" 1064
"C:/Users/simje/Documents/Unreal Projects/Bomb-Jack-Remake/Content/Characters/Jackie/BP_BombieJackiePlayerController.uasset" 1065
"C:/Users/simje/Documents/Unreal Projects/Bomb-Jack-Remake/Content/Characters/Jackie/BP_BombieJackiePlayerController.uexp" 1066
"C:/Users/simje/Documents/Unreal Projects/Bomb-Jack-Remake/Content/Object/Bomb/textures/T_BombWire_Basecolor.ubulk" 1067
"C:/Users/simje/Documents/Unreal Projects/Bomb-Jack-Remake/Content/Object/Bomb/textures/T_BombWire_Basecolor.uasset" 1068
"C:/Users/simje/Documents/Unreal Projects/Bomb-Jack-Remake/Content/Object/Bomb/textures/T_BombWire_Basecolor.uexp" 1069
"C:/Users/simje/Documents/Unreal Projects/Bomb-Jack-Remake/Content/Object/Bomb/textures/T_BombWire_metallic.ubulk" 1070
"C:/Users/simje/Documents/Unreal Projects/Bomb-Jack-Remake/Content/Object/Bomb/textures/T_BombWire_metallic.uasset" 1071
"C:/Users/simje/Documents/Unreal Projects/Bomb-Jack-Remake/Content/Object/Bomb/textures/T_BombWire_metallic.uexp" 1072
"C:/Users/simje/Documents/Unreal Projects/Bomb-Jack-Remake/Content/Object/Bomb/textures/T_BombWire_Normal.ubulk" 1073
"C:/Users/simje/Documents/Unreal Projects/Bomb-Jack-Remake/Content/Object/Bomb/textures/T_BombWire_Normal.uasset" 1074
"C:/Users/simje/Documents/Unreal Projects/Bomb-Jack-Remake/Content/Object/Bomb/textures/T_BombWire_Normal.uexp" 1075
"C:/Users/simje/Documents/Unreal Projects/Bomb-Jack-Remake/Content/Object/Bomb/textures/T_BombWire_Roughness.ubulk" 1076
"C:/Users/simje/Documents/Unreal Projects/Bomb-Jack-Remake/Content/Object/Bomb/textures/T_BombWire_Roughness.uasset" 1077
"C:/Users/simje/Documents/Unreal Projects/Bomb-Jack-Remake/Content/Object/Bomb/textures/T_BombWire_Roughness.uexp" 1078
"C:/Users/simje/Documents/Unreal Projects/Bomb-Jack-Remake/Content/Object/Bomb/materials/M_BombWire_Basecolor.uasset" 1079
"C:/Users/simje/Documents/Unreal Projects/Bomb-Jack-Remake/Content/Object/Bomb/materials/M_BombWire_Basecolor.uexp" 1080
"C:/Users/simje/Documents/Unreal Projects/Bomb-Jack-Remake/Content/Object/Bomb/textures/T_LitBomb_basecolor.ubulk" 1081
"C:/Users/simje/Documents/Unreal Projects/Bomb-Jack-Remake/Content/Object/Bomb/textures/T_LitBomb_basecolor.uasset" 1082
"C:/Users/simje/Documents/Unreal Projects/Bomb-Jack-Remake/Content/Object/Bomb/textures/T_LitBomb_basecolor.uexp" 1083
"C:/Users/simje/Documents/Unreal Projects/Bomb-Jack-Remake/Content/Object/Bomb/materials/M_LitBomb_basecolor.uasset" 1084
"C:/Users/simje/Documents/Unreal Projects/Bomb-Jack-Remake/Content/Object/Bomb/materials/M_LitBomb_basecolor.uexp" 1085
"C:/Users/simje/Documents/Unreal Projects/Bomb-Jack-Remake/Content/Object/Bomb/Meshes/SM_LitBomb.ubulk" 1086
"C:/Users/simje/Documents/Unreal Projects/Bomb-Jack-Remake/Content/Object/Bomb/Meshes/SM_LitBomb.uasset" 1087
"C:/Users/simje/Documents/Unreal Projects/Bomb-Jack-Remake/Content/Object/Bomb/Meshes/SM_LitBomb.uexp" 1088
"C:/Users/simje/Documents/Unreal Projects/Bomb-Jack-Remake/Content/Object/Bomb/textures/T_BlackBomb_basecolor.ubulk" 1089
"C:/Users/simje/Documents/Unreal Projects/Bomb-Jack-Remake/Content/Object/Bomb/textures/T_BlackBomb_basecolor.uasset" 1090
"C:/Users/simje/Documents/Unreal Projects/Bomb-Jack-Remake/Content/Object/Bomb/textures/T_BlackBomb_basecolor.uexp" 1091
"C:/Users/simje/Documents/Unreal Projects/Bomb-Jack-Remake/Content/Object/Bomb/textures/T_BlackBomb_metallic.ubulk" 1092
"C:/Users/simje/Documents/Unreal Projects/Bomb-Jack-Remake/Content/Object/Bomb/textures/T_BlackBomb_metallic.uasset" 1093
"C:/Users/simje/Documents/Unreal Projects/Bomb-Jack-Remake/Content/Object/Bomb/textures/T_BlackBomb_metallic.uexp" 1094
"C:/Users/simje/Documents/Unreal Projects/Bomb-Jack-Remake/Content/Object/Bomb/textures/T_BlackBomb_normal.ubulk" 1095
"C:/Users/simje/Documents/Unreal Projects/Bomb-Jack-Remake/Content/Object/Bomb/textures/T_BlackBomb_normal.uasset" 1096
"C:/Users/simje/Documents/Unreal Projects/Bomb-Jack-Remake/Content/Object/Bomb/textures/T_BlackBomb_normal.uexp" 1097
"C:/Users/simje/Documents/Unreal Projects/Bomb-Jack-Remake/Content/Object/Bomb/textures/T_BlackBomb_Roughness_001.ubulk" 1098
"C:/Users/simje/Documents/Unreal Projects/Bomb-Jack-Remake/Content/Object/Bomb/textures/T_BlackBomb_Roughness_001.uasset" 1099
"C:/Users/simje/Documents/Unreal Projects/Bomb-Jack-Remake/Content/Object/Bomb/textures/T_BlackBomb_Roughness_001.uexp" 1100
"C:/Users/simje/Documents/Unreal Projects/Bomb-Jack-Remake/Content/Object/Bomb/materials/M_BlackBomb_basecolor.uasset" 1101
"C:/Users/simje/Documents/Unreal Projects/Bomb-Jack-Remake/Content/Object/Bomb/materials/M_BlackBomb_basecolor.uexp" 1102
"C:/Users/simje/Documents/Unreal Projects/Bomb-Jack-Remake/Content/Object/Bomb/Meshes/SM_BlackBomb.ubulk" 1103
"C:/Users/simje/Documents/Unreal Projects/Bomb-Jack-Remake/Content/Object/Bomb/Meshes/SM_BlackBomb.uasset" 1104
"C:/Users/simje/Documents/Unreal Projects/Bomb-Jack-Remake/Content/Object/Bomb/Meshes/SM_BlackBomb.uexp" 1105
"../../../Engine/Content/Functions/Engine_MaterialFunctions02/Utility/BreakOutFloat4Components.uasset" 1106
"../../../Engine/Content/Functions/Engine_MaterialFunctions02/Utility/BreakOutFloat4Components.uexp" 1107
"../../../Engine/Content/Functions/Engine_MaterialFunctions02/Utility/MakeFloat4.uasset" 1108
"../../../Engine/Content/Functions/Engine_MaterialFunctions02/Utility/MakeFloat4.uexp" 1109
"../../../Engine/Content/Functions/Engine_MaterialFunctions02/Texturing/CustomRotator.uasset" 1110
"../../../Engine/Content/Functions/Engine_MaterialFunctions02/Texturing/CustomRotator.uexp" 1111
"C:/Users/simje/Documents/Unreal Projects/Bomb-Jack-Remake/Content/VFX/Niagara/Fire_EXP_Vol01_Free/Texture/T_DefaultWhite.uasset" 1112
"C:/Users/simje/Documents/Unreal Projects/Bomb-Jack-Remake/Content/VFX/Niagara/Fire_EXP_Vol01_Free/Texture/T_DefaultWhite.uexp" 1113
"C:/Users/simje/Documents/Unreal Projects/Bomb-Jack-Remake/Content/VFX/Niagara/Fire_EXP_Vol01_Free/Material/MF/MF_UV.uasset" 1114
"C:/Users/simje/Documents/Unreal Projects/Bomb-Jack-Remake/Content/VFX/Niagara/Fire_EXP_Vol01_Free/Material/MF/MF_UV.uexp" 1115
"C:/Users/simje/Documents/Unreal Projects/Bomb-Jack-Remake/Content/VFX/Niagara/Fire_EXP_Vol01_Free/Material/M_Masked_Master.uasset" 1116
"C:/Users/simje/Documents/Unreal Projects/Bomb-Jack-Remake/Content/VFX/Niagara/Fire_EXP_Vol01_Free/Material/M_Masked_Master.uexp" 1117
"C:/Users/simje/Documents/Unreal Projects/Bomb-Jack-Remake/Content/VFX/Niagara/Fire_EXP_Vol01_Free/Texture/Debris/T_Sub_Debris_Glass_001.ubulk" 1118
"C:/Users/simje/Documents/Unreal Projects/Bomb-Jack-Remake/Content/VFX/Niagara/Fire_EXP_Vol01_Free/Texture/Debris/T_Sub_Debris_Glass_001.uasset" 1119
"C:/Users/simje/Documents/Unreal Projects/Bomb-Jack-Remake/Content/VFX/Niagara/Fire_EXP_Vol01_Free/Texture/Debris/T_Sub_Debris_Glass_001.uexp" 1120
"C:/Users/simje/Documents/Unreal Projects/Bomb-Jack-Remake/Content/VFX/Niagara/Fire_EXP_Vol01_Free/MI/Debris/MI_Sub_Debris_Glass_001.uasset" 1121
"C:/Users/simje/Documents/Unreal Projects/Bomb-Jack-Remake/Content/VFX/Niagara/Fire_EXP_Vol01_Free/MI/Debris/MI_Sub_Debris_Glass_001.uexp" 1122
"C:/Users/simje/Documents/Unreal Projects/Bomb-Jack-Remake/Content/VFX/Niagara/Fire_EXP_Vol01_Free/Material/M_Sub_EXPMaster.uasset" 1123
"C:/Users/simje/Documents/Unreal Projects/Bomb-Jack-Remake/Content/VFX/Niagara/Fire_EXP_Vol01_Free/Material/M_Sub_EXPMaster.uexp" 1124
"C:/Users/simje/Documents/Unreal Projects/Bomb-Jack-Remake/Content/VFX/Niagara/Fire_EXP_Vol01_Free/Texture/EXP/T_Sub_EXP_Large_001_01.ubulk" 1125
"C:/Users/simje/Documents/Unreal Projects/Bomb-Jack-Remake/Content/VFX/Niagara/Fire_EXP_Vol01_Free/Texture/EXP/T_Sub_EXP_Large_001_01.uasset" 1126
"C:/Users/simje/Documents/Unreal Projects/Bomb-Jack-Remake/Content/VFX/Niagara/Fire_EXP_Vol01_Free/Texture/EXP/T_Sub_EXP_Large_001_01.uexp" 1127
"C:/Users/simje/Documents/Unreal Projects/Bomb-Jack-Remake/Content/VFX/Niagara/Fire_EXP_Vol01_Free/MI/EXP/MI_Sub_EXP_Large_001_01.uasset" 1128
"C:/Users/simje/Documents/Unreal Projects/Bomb-Jack-Remake/Content/VFX/Niagara/Fire_EXP_Vol01_Free/MI/EXP/MI_Sub_EXP_Large_001_01.uexp" 1129
"C:/Users/simje/Documents/Unreal Projects/Bomb-Jack-Remake/Content/VFX/Niagara/Fire_EXP_Vol01_Free/Material/M_Additive_Master.uasset" 1130
"C:/Users/simje/Documents/Unreal Projects/Bomb-Jack-Remake/Content/VFX/Niagara/Fire_EXP_Vol01_Free/Material/M_Additive_Master.uexp" 1131
"C:/Users/simje/Documents/Unreal Projects/Bomb-Jack-Remake/Content/VFX/Niagara/Fire_EXP_Vol01_Free/Texture/Spark/T_Glow_001.ubulk" 1132
"C:/Users/simje/Documents/Unreal Projects/Bomb-Jack-Remake/Content/VFX/Niagara/Fire_EXP_Vol01_Free/Texture/Spark/T_Glow_001.uasset" 1133
"C:/Users/simje/Documents/Unreal Projects/Bomb-Jack-Remake/Content/VFX/Niagara/Fire_EXP_Vol01_Free/Texture/Spark/T_Glow_001.uexp" 1134
"C:/Users/simje/Documents/Unreal Projects/Bomb-Jack-Remake/Content/VFX/Niagara/Fire_EXP_Vol01_Free/MI/Spark/MI_Glow.uasset" 1135
"C:/Users/simje/Documents/Unreal Projects/Bomb-Jack-Remake/Content/VFX/Niagara/Fire_EXP_Vol01_Free/MI/Spark/MI_Glow.uexp" 1136
"C:/Users/simje/Documents/Unreal Projects/Bomb-Jack-Remake/Content/VFX/Niagara/Fire_EXP_Vol01_Free/Texture/Spark/T_Spark_Round_001.ubulk" 1137
"C:/Users/simje/Documents/Unreal Projects/Bomb-Jack-Remake/Content/VFX/Niagara/Fire_EXP_Vol01_Free/Texture/Spark/T_Spark_Round_001.uasset" 1138
"C:/Users/simje/Documents/Unreal Projects/Bomb-Jack-Remake/Content/VFX/Niagara/Fire_EXP_Vol01_Free/Texture/Spark/T_Spark_Round_001.uexp" 1139
"C:/Users/simje/Documents/Unreal Projects/Bomb-Jack-Remake/Content/VFX/Niagara/Fire_EXP_Vol01_Free/MI/Spark/MI_Spark_Round.uasset" 1140
"C:/Users/simje/Documents/Unreal Projects/Bomb-Jack-Remake/Content/VFX/Niagara/Fire_EXP_Vol01_Free/MI/Spark/MI_Spark_Round.uexp" 1141
"C:/Users/simje/Documents/Unreal Projects/Bomb-Jack-Remake/Content/Object/Bomb/NS_BombExplosion.uasset" 1142
"C:/Users/simje/Documents/Unreal Projects/Bomb-Jack-Remake/Content/Object/Bomb/NS_BombExplosion.uexp" 1143
"C:/Users/simje/Documents/Unreal Projects/Bomb-Jack-Remake/Content/Object/Bomb/Audio/SA_Bomb.uasset" 1144
"C:/Users/simje/Documents/Unreal Projects/Bomb-Jack-Remake/Content/Object/Bomb/Audio/SA_Bomb.uexp" 1145
"C:/Users/simje/Documents/Unreal Projects/Bomb-Jack-Remake/Content/Object/Bomb/Audio/SW_BombDefuse.ubulk" 1146
"C:/Users/simje/Documents/Unreal Projects/Bomb-Jack-Remake/Content/Object/Bomb/Audio/SW_BombDefuse.uasset" 1147
"C:/Users/simje/Documents/Unreal Projects/Bomb-Jack-Remake/Content/Object/Bomb/Audio/SW_BombDefuse.uexp" 1148
"C:/Users/simje/Documents/Unreal Projects/Bomb-Jack-Remake/Content/Object/Bomb/Audio/SW_BombExplode.ubulk" 1149
"C:/Users/simje/Documents/Unreal Projects/Bomb-Jack-Remake/Content/Object/Bomb/Audio/SW_BombExplode.uasset" 1150
"C:/Users/simje/Documents/Unreal Projects/Bomb-Jack-Remake/Content/Object/Bomb/Audio/SW_BombExplode.uexp" 1151
"C:/Users/simje/Documents/Unreal Projects/Bomb-Jack-Remake/Content/Object/Bomb/Audio/SW_BombFuse.ubulk" 1152
"C:/Users/simje/Documents/Unreal Projects/Bomb-Jack-Remake/Content/Object/Bomb/Audio/SW_BombFuse.uasset" 1153
"C:/Users/simje/Documents/Unreal Projects/Bomb-Jack-Remake/Content/Object/Bomb/Audio/SW_BombFuse.uexp" 1154
"C:/Users/simje/Documents/Unreal Projects/Bomb-Jack-Remake/Content/Object/Bomb/BP_Bomb.uasset" 1155
"C:/Users/simje/Documents/Unreal Projects/Bomb-Jack-Remake/Content/Object/Bomb/BP_Bomb.uexp" 1156
"C:/Users/simje/Documents/Unreal Projects/Bomb-Jack-Remake/Content/UI/T_losescreenbg.uasset" 1157
"C:/Users/simje/Documents/Unreal Projects/Bomb-Jack-Remake/Content/UI/T_losescreenbg.uexp" 1158
"C:/Users/simje/Documents/Unreal Projects/Bomb-Jack-Remake/Content/UI/WBP_GameOver.uasset" 1159
"C:/Users/simje/Documents/Unreal Projects/Bomb-Jack-Remake/Content/UI/WBP_GameOver.uexp" 1160
"C:/Users/simje/Documents/Unreal Projects/Bomb-Jack-Remake/Content/UI/WBP_Victory.uasset" 1161
"C:/Users/simje/Documents/Unreal Projects/Bomb-Jack-Remake/Content/UI/WBP_Victory.uexp" 1162
"C:/Users/simje/Documents/Unreal Projects/Bomb-Jack-Remake/Content/Object/BP_BombieJackieGameState.uasset" 1163
"C:/Users/simje/Documents/Unreal Projects/Bomb-Jack-Remake/Content/Object/BP_BombieJackieGameState.uexp" 1164
"C:/Users/simje/Documents/Unreal Projects/Bomb-Jack-Remake/Content/UI/Icons/T_Bombs.ubulk" 1165
"C:/Users/simje/Documents/Unreal Projects/Bomb-Jack-Remake/Content/UI/Icons/T_Bombs.uasset" 1166
"C:/Users/simje/Documents/Unreal Projects/Bomb-Jack-Remake/Content/UI/Icons/T_Bombs.uexp" 1167
"C:/Users/simje/Documents/Unreal Projects/Bomb-Jack-Remake/Content/UI/Icons/T_PyramidDamaged.ubulk" 1168
"C:/Users/simje/Documents/Unreal Projects/Bomb-Jack-Remake/Content/UI/Icons/T_PyramidDamaged.uasset" 1169
"C:/Users/simje/Documents/Unreal Projects/Bomb-Jack-Remake/Content/UI/Icons/T_PyramidDamaged.uexp" 1170
"C:/Users/simje/Documents/Unreal Projects/Bomb-Jack-Remake/Content/UI/Icons/T_PyramidDamagedSlightly.ubulk" 1171
"C:/Users/simje/Documents/Unreal Projects/Bomb-Jack-Remake/Content/UI/Icons/T_PyramidDamagedSlightly.uasset" 1172
"C:/Users/simje/Documents/Unreal Projects/Bomb-Jack-Remake/Content/UI/Icons/T_PyramidDamagedSlightly.uexp" 1173
"C:/Users/simje/Documents/Unreal Projects/Bomb-Jack-Remake/Content/UI/Icons/T_PyramidFullHp.ubulk" 1174
"C:/Users/simje/Documents/Unreal Projects/Bomb-Jack-Remake/Content/UI/Icons/T_PyramidFullHp.uasset" 1175
"C:/Users/simje/Documents/Unreal Projects/Bomb-Jack-Remake/Content/UI/Icons/T_PyramidFullHp.uexp" 1176
"C:/Users/simje/Documents/Unreal Projects/Bomb-Jack-Remake/Content/UI/WBP_HUD.uasset" 1177
"C:/Users/simje/Documents/Unreal Projects/Bomb-Jack-Remake/Content/UI/WBP_HUD.uexp" 1178
"C:/Users/simje/Documents/Unreal Projects/Bomb-Jack-Remake/Content/Object/BP_BombieJackieGameMode.uasset" 1179
"C:/Users/simje/Documents/Unreal Projects/Bomb-Jack-Remake/Content/Object/BP_BombieJackieGameMode.uexp" 1180
"../../../Engine/Plugins/Interchange/Runtime/Content/Pipelines/DefaultAssetsPipeline.uasset" 1181
"../../../Engine/Plugins/Interchange/Runtime/Content/Pipelines/DefaultAssetsPipeline.uexp" 1182
"../../../Engine/Plugins/Interchange/Runtime/Content/Pipelines/DefaultAudioPipeline.uasset" 1183
"../../../Engine/Plugins/Interchange/Runtime/Content/Pipelines/DefaultAudioPipeline.uexp" 1184
"../../../Engine/Plugins/Interchange/Runtime/Content/Pipelines/DefaultGLTFAssetsPipeline.uasset" 1185
"../../../Engine/Plugins/Interchange/Runtime/Content/Pipelines/DefaultGLTFAssetsPipeline.uexp" 1186
"../../../Engine/Plugins/Interchange/Runtime/Content/Pipelines/DefaultGLTFPipeline.uasset" 1187
"../../../Engine/Plugins/Interchange/Runtime/Content/Pipelines/DefaultGLTFPipeline.uexp" 1188
"../../../Engine/Plugins/Interchange/Runtime/Content/Pipelines/DefaultGLTFSceneAssetsPipeline.uasset" 1189
"../../../Engine/Plugins/Interchange/Runtime/Content/Pipelines/DefaultGLTFSceneAssetsPipeline.uexp" 1190
"../../../Engine/Plugins/Interchange/Runtime/Content/Pipelines/DefaultMaterialPipeline.uasset" 1191
"../../../Engine/Plugins/Interchange/Runtime/Content/Pipelines/DefaultMaterialPipeline.uexp" 1192
"../../../Engine/Plugins/Interchange/Runtime/Content/Pipelines/DefaultMaterialXPipeline.uasset" 1193
"../../../Engine/Plugins/Interchange/Runtime/Content/Pipelines/DefaultMaterialXPipeline.uexp" 1194
"../../../Engine/Plugins/Interchange/Runtime/Content/Pipelines/DefaultSceneAssetsPipeline.uasset" 1195
"../../../Engine/Plugins/Interchange/Runtime/Content/Pipelines/DefaultSceneAssetsPipeline.uexp" 1196
"../../../Engine/Plugins/Interchange/Runtime/Content/Pipelines/DefaultSceneLevelPipeline.uasset" 1197
"../../../Engine/Plugins/Interchange/Runtime/Content/Pipelines/DefaultSceneLevelPipeline.uexp" 1198
"../../../Engine/Plugins/Interchange/Runtime/Content/Pipelines/DefaultTexturePipeline.uasset" 1199
"../../../Engine/Plugins/Interchange/Runtime/Content/Pipelines/DefaultTexturePipeline.uexp" 1200
"../../../Engine/Content/Maps/Entry_BuiltData.uasset" 1201
"../../../Engine/Content/Maps/Entry_BuiltData.uexp" 1202
"../../../Engine/Content/Maps/Entry.uexp" 1203
"../../../Engine/Content/Maps/Entry.umap" 1204
"../../../Engine/Content/EngineSky/T_Sky_Blue.ubulk" 1205
"../../../Engine/Content/EngineSky/T_Sky_Blue.uasset" 1206
"../../../Engine/Content/EngineSky/T_Sky_Blue.uexp" 1207
"../../../Engine/Content/EngineSky/T_Sky_Clouds_M.ubulk" 1208
"../../../Engine/Content/EngineSky/T_Sky_Clouds_M.uasset" 1209
"../../../Engine/Content/EngineSky/T_Sky_Clouds_M.uexp" 1210
"../../../Engine/Content/EngineSky/T_Sky_Stars.ubulk" 1211
"../../../Engine/Content/EngineSky/T_Sky_Stars.uasset" 1212
"../../../Engine/Content/EngineSky/T_Sky_Stars.uexp" 1213
"../../../Engine/Content/EngineSky/M_Sky_Panning_Clouds2.uasset" 1214
"../../../Engine/Content/EngineSky/M_Sky_Panning_Clouds2.uexp" 1215
"../../../Engine/Content/EngineSky/SM_SkySphere.ubulk" 1216
"../../../Engine/Content/EngineSky/SM_SkySphere.uasset" 1217
"../../../Engine/Content/EngineSky/SM_SkySphere.uexp" 1218
"C:/Users/simje/Documents/Unreal Projects/Bomb-Jack-Remake/Content/Characters/Zombie/Audio/SA_ZombieGroan.uasset" 1219
"C:/Users/simje/Documents/Unreal Projects/Bomb-Jack-Remake/Content/Characters/Zombie/Audio/SA_ZombieGroan.uexp" 1220
"C:/Users/simje/Documents/Unreal Projects/Bomb-Jack-Remake/Content/Characters/Zombie/Audio/SW_ZombieGroan.ubulk" 1221
"C:/Users/simje/Documents/Unreal Projects/Bomb-Jack-Remake/Content/Characters/Zombie/Audio/SW_ZombieGroan.uasset" 1222
"C:/Users/simje/Documents/Unreal Projects/Bomb-Jack-Remake/Content/Characters/Zombie/Audio/SW_ZombieGroan.uexp" 1223
"C:/Users/simje/Documents/Unreal Projects/Bomb-Jack-Remake/Content/Characters/Zombie/Audio/SW_ZombieGroan2.ubulk" 1224
"C:/Users/simje/Documents/Unreal Projects/Bomb-Jack-Remake/Content/Characters/Zombie/Audio/SW_ZombieGroan2.uasset" 1225
"C:/Users/simje/Documents/Unreal Projects/Bomb-Jack-Remake/Content/Characters/Zombie/Audio/SW_ZombieGroan2.uexp" 1226
"C:/Users/simje/Documents/Unreal Projects/Bomb-Jack-Remake/Content/Characters/Zombie/Audio/SW_ZombieGroan3.ubulk" 1227
"C:/Users/simje/Documents/Unreal Projects/Bomb-Jack-Remake/Content/Characters/Zombie/Audio/SW_ZombieGroan3.uasset" 1228
"C:/Users/simje/Documents/Unreal Projects/Bomb-Jack-Remake/Content/Characters/Zombie/Audio/SW_ZombieGroan3.uexp" 1229
"C:/Users/simje/Documents/Unreal Projects/Bomb-Jack-Remake/Content/Characters/Zombie/Audio/SW_ZombieGroan4.ubulk" 1230
"C:/Users/simje/Documents/Unreal Projects/Bomb-Jack-Remake/Content/Characters/Zombie/Audio/SW_ZombieGroan4.uasset" 1231
"C:/Users/simje/Documents/Unreal Projects/Bomb-Jack-Remake/Content/Characters/Zombie/Audio/SW_ZombieGroan4.uexp" 1232
"C:/Users/simje/Documents/Unreal Projects/Bomb-Jack-Remake/Content/Characters/Zombie/Audio/SC_ZombieGroan.uasset" 1233
"C:/Users/simje/Documents/Unreal Projects/Bomb-Jack-Remake/Content/Characters/Zombie/Audio/SC_ZombieGroan.uexp" 1234
"C:/Users/simje/Documents/Unreal Projects/Bomb-Jack-Remake/Content/Characters/BP_EnemyBase.uasset" 1235
"C:/Users/simje/Documents/Unreal Projects/Bomb-Jack-Remake/Content/Characters/BP_EnemyBase.uexp" 1236
"../../../Engine/Content/BasicShapes/Plane.ubulk" 1237
"../../../Engine/Content/BasicShapes/Plane.uasset" 1238
"../../../Engine/Content/BasicShapes/Plane.uexp" 1239
"C:/Users/simje/Documents/Unreal Projects/Bomb-Jack-Remake/Content/PhysicalMaterial/PM_Goo.uasset" 1240
"C:/Users/simje/Documents/Unreal Projects/Bomb-Jack-Remake/Content/PhysicalMaterial/PM_Goo.uexp" 1241
"../../../Engine/Content/Functions/Engine_MaterialFunctions02/Utility/Sine_Remapped.uasset" 1242
"../../../Engine/Content/Functions/Engine_MaterialFunctions02/Utility/Sine_Remapped.uexp" 1243
"C:/Users/simje/Documents/Unreal Projects/Bomb-Jack-Remake/Content/Characters/Zombie/M_Goo.uasset" 1244
"C:/Users/simje/Documents/Unreal Projects/Bomb-Jack-Remake/Content/Characters/Zombie/M_Goo.uexp" 1245
"C:/Users/simje/Documents/Unreal Projects/Bomb-Jack-Remake/Content/Characters/Zombie/BP_Goo.uasset" 1246
"C:/Users/simje/Documents/Unreal Projects/Bomb-Jack-Remake/Content/Characters/Zombie/BP_Goo.uexp" 1247
"C:/Users/simje/Documents/Unreal Projects/Bomb-Jack-Remake/Content/AI/Task_AttackPlayer.uasset" 1248
"C:/Users/simje/Documents/Unreal Projects/Bomb-Jack-Remake/Content/AI/Task_AttackPlayer.uexp" 1249
"C:/Users/simje/Documents/Unreal Projects/Bomb-Jack-Remake/Content/AI/Task_ChasePlayer.uasset" 1250
"C:/Users/simje/Documents/Unreal Projects/Bomb-Jack-Remake/Content/AI/Task_ChasePlayer.uexp" 1251
"C:/Users/simje/Documents/Unreal Projects/Bomb-Jack-Remake/Content/AI/Task_Roam.uasset" 1252
"C:/Users/simje/Documents/Unreal Projects/Bomb-Jack-Remake/Content/AI/Task_Roam.uexp" 1253
"C:/Users/simje/Documents/Unreal Projects/Bomb-Jack-Remake/Content/Characters/Zombie/ST_ZombieAI.uasset" 1254
"C:/Users/simje/Documents/Unreal Projects/Bomb-Jack-Remake/Content/Characters/Zombie/ST_ZombieAI.uexp" 1255
"C:/Users/simje/Documents/Unreal Projects/Bomb-Jack-Remake/Content/Characters/Zombie/Meshes/SK_Zombie_Skeleton.uasset" 1256
"C:/Users/simje/Documents/Unreal Projects/Bomb-Jack-Remake/Content/Characters/Zombie/Meshes/SK_Zombie_Skeleton.uexp" 1257
"C:/Users/simje/Documents/Unreal Projects/Bomb-Jack-Remake/Content/Characters/Zombie/Anims/AS_Zombie_Attack.uasset" 1258
"C:/Users/simje/Documents/Unreal Projects/Bomb-Jack-Remake/Content/Characters/Zombie/Anims/AS_Zombie_Attack.uexp" 1259
"C:/Users/simje/Documents/Unreal Projects/Bomb-Jack-Remake/Content/Characters/Zombie/Anims/AS_Zombie_Idle.uasset" 1260
"C:/Users/simje/Documents/Unreal Projects/Bomb-Jack-Remake/Content/Characters/Zombie/Anims/AS_Zombie_Idle.uexp" 1261
"C:/Users/simje/Documents/Unreal Projects/Bomb-Jack-Remake/Content/Characters/Zombie/Anims/AS_Zombie_Running.uasset" 1262
"C:/Users/simje/Documents/Unreal Projects/Bomb-Jack-Remake/Content/Characters/Zombie/Anims/AS_Zombie_Running.uexp" 1263
"C:/Users/simje/Documents/Unreal Projects/Bomb-Jack-Remake/Content/Characters/Zombie/Anims/AS_Zombie_Walk.uasset" 1264
"C:/Users/simje/Documents/Unreal Projects/Bomb-Jack-Remake/Content/Characters/Zombie/Anims/AS_Zombie_Walk.uexp" 1265
"C:/Users/simje/Documents/Unreal Projects/Bomb-Jack-Remake/Content/Characters/Zombie/Anims/BS_Zombie.uasset" 1266
"C:/Users/simje/Documents/Unreal Projects/Bomb-Jack-Remake/Content/Characters/Zombie/Anims/BS_Zombie.uexp" 1267
"C:/Users/simje/Documents/Unreal Projects/Bomb-Jack-Remake/Content/Characters/Zombie/Anims/ABP_Zombie.uasset" 1268
"C:/Users/simje/Documents/Unreal Projects/Bomb-Jack-Remake/Content/Characters/Zombie/Anims/ABP_Zombie.uexp" 1269
"C:/Users/simje/Documents/Unreal Projects/Bomb-Jack-Remake/Content/Characters/Zombie/Audio/SW_ZombieAttack.ubulk" 1270
"C:/Users/simje/Documents/Unreal Projects/Bomb-Jack-Remake/Content/Characters/Zombie/Audio/SW_ZombieAttack.uasset" 1271
"C:/Users/simje/Documents/Unreal Projects/Bomb-Jack-Remake/Content/Characters/Zombie/Audio/SW_ZombieAttack.uexp" 1272
"../../../Engine/Plugins/Interchange/Assets/Content/Materials/FBXLegacyPhongSurfaceMaterial.uasset" 1273
"../../../Engine/Plugins/Interchange/Assets/Content/Materials/FBXLegacyPhongSurfaceMaterial.uexp" 1274
"C:/Users/simje/Documents/Unreal Projects/Bomb-Jack-Remake/Content/Characters/Zombie/Texture/T_Zombie_body_normal.ubulk" 1275
"C:/Users/simje/Documents/Unreal Projects/Bomb-Jack-Remake/Content/Characters/Zombie/Texture/T_Zombie_body_normal.uasset" 1276
"C:/Users/simje/Documents/Unreal Projects/Bomb-Jack-Remake/Content/Characters/Zombie/Texture/T_Zombie_body_normal.uexp" 1277
"C:/Users/simje/Documents/Unreal Projects/Bomb-Jack-Remake/Content/Characters/Zombie/Texture/T_Zombie_body_specular.ubulk" 1278
"C:/Users/simje/Documents/Unreal Projects/Bomb-Jack-Remake/Content/Characters/Zombie/Texture/T_Zombie_body_specular.uasset" 1279
"C:/Users/simje/Documents/Unreal Projects/Bomb-Jack-Remake/Content/Characters/Zombie/Texture/T_Zombie_body_specular.uexp" 1280
"C:/Users/simje/Documents/Unreal Projects/Bomb-Jack-Remake/Content/Characters/Zombie/Texture/T_Zombie_body__diffuse.ubulk" 1281
"C:/Users/simje/Documents/Unreal Projects/Bomb-Jack-Remake/Content/Characters/Zombie/Texture/T_Zombie_body__diffuse.uasset" 1282
"C:/Users/simje/Documents/Unreal Projects/Bomb-Jack-Remake/Content/Characters/Zombie/Texture/T_Zombie_body__diffuse.uexp" 1283
"C:/Users/simje/Documents/Unreal Projects/Bomb-Jack-Remake/Content/Characters/Zombie/Materials/MI_Zombie_body.uasset" 1284
"C:/Users/simje/Documents/Unreal Projects/Bomb-Jack-Remake/Content/Characters/Zombie/Materials/MI_Zombie_body.uexp" 1285
"C:/Users/simje/Documents/Unreal Projects/Bomb-Jack-Remake/Content/Characters/Zombie/Texture/T_Zombie_shoe_diffuse.ubulk" 1286
"C:/Users/simje/Documents/Unreal Projects/Bomb-Jack-Remake/Content/Characters/Zombie/Texture/T_Zombie_shoe_diffuse.uasset" 1287
"C:/Users/simje/Documents/Unreal Projects/Bomb-Jack-Remake/Content/Characters/Zombie/Texture/T_Zombie_shoe_diffuse.uexp" 1288
"C:/Users/simje/Documents/Unreal Projects/Bomb-Jack-Remake/Content/Characters/Zombie/Texture/T_Zombie_shoe_normal.ubulk" 1289
"C:/Users/simje/Documents/Unreal Projects/Bomb-Jack-Remake/Content/Characters/Zombie/Texture/T_Zombie_shoe_normal.uasset" 1290
"C:/Users/simje/Documents/Unreal Projects/Bomb-Jack-Remake/Content/Characters/Zombie/Texture/T_Zombie_shoe_normal.uexp" 1291
"C:/Users/simje/Documents/Unreal Projects/Bomb-Jack-Remake/Content/Characters/Zombie/Texture/T_Zombie_shoe_specular.ubulk" 1292
"C:/Users/simje/Documents/Unreal Projects/Bomb-Jack-Remake/Content/Characters/Zombie/Texture/T_Zombie_shoe_specular.uasset" 1293
"C:/Users/simje/Documents/Unreal Projects/Bomb-Jack-Remake/Content/Characters/Zombie/Texture/T_Zombie_shoe_specular.uexp" 1294
"C:/Users/simje/Documents/Unreal Projects/Bomb-Jack-Remake/Content/Characters/Zombie/Materials/MI_Zombie_shoe.uasset" 1295
"C:/Users/simje/Documents/Unreal Projects/Bomb-Jack-Remake/Content/Characters/Zombie/Materials/MI_Zombie_shoe.uexp" 1296
"C:/Users/simje/Documents/Unreal Projects/Bomb-Jack-Remake/Content/Characters/Zombie/Meshes/SK_Zombie.uasset" 1297
"C:/Users/simje/Documents/Unreal Projects/Bomb-Jack-Remake/Content/Characters/Zombie/Meshes/SK_Zombie.uexp" 1298
"C:/Users/simje/Documents/Unreal Projects/Bomb-Jack-Remake/Content/Characters/Zombie/BP_Zombie.uasset" 1299
"C:/Users/simje/Documents/Unreal Projects/Bomb-Jack-Remake/Content/Characters/Zombie/BP_Zombie.uexp" 1300
"../../../Engine/Plugins/Interchange/Assets/Content/gltf/MaterialInstances/MI_Default_Opaque_DS.uasset" 1301
"../../../Engine/Plugins/Interchange/Assets/Content/gltf/MaterialInstances/MI_Default_Opaque_DS.uexp" 1302
"C:/Users/simje/Documents/Unreal Projects/Bomb-Jack-Remake/Content/Object/Chest/SM_GoldenChest/Textures/T_Stylized_chest_prep_color.ubulk" 1303
"C:/Users/simje/Documents/Unreal Projects/Bomb-Jack-Remake/Content/Object/Chest/SM_GoldenChest/Textures/T_Stylized_chest_prep_color.uasset" 1304
"C:/Users/simje/Documents/Unreal Projects/Bomb-Jack-Remake/Content/Object/Chest/SM_GoldenChest/Textures/T_Stylized_chest_prep_color.uexp" 1305
"C:/Users/simje/Documents/Unreal Projects/Bomb-Jack-Remake/Content/Object/Chest/SM_GoldenChest/Materials/MI_Stylized_chest.uasset" 1306
"C:/Users/simje/Documents/Unreal Projects/Bomb-Jack-Remake/Content/Object/Chest/SM_GoldenChest/Materials/MI_Stylized_chest.uexp" 1307
"C:/Users/simje/Documents/Unreal Projects/Bomb-Jack-Remake/Content/Object/Chest/SM_GoldenChest/StaticMeshes/SM_GoldenChest.ubulk" 1308
"C:/Users/simje/Documents/Unreal Projects/Bomb-Jack-Remake/Content/Object/Chest/SM_GoldenChest/StaticMeshes/SM_GoldenChest.uasset" 1309
"C:/Users/simje/Documents/Unreal Projects/Bomb-Jack-Remake/Content/Object/Chest/SM_GoldenChest/StaticMeshes/SM_GoldenChest.uexp" 1310
"C:/Users/simje/Documents/Unreal Projects/Bomb-Jack-Remake/Content/Object/BP_PickupParent.uasset" 1311
"C:/Users/simje/Documents/Unreal Projects/Bomb-Jack-Remake/Content/Object/BP_PickupParent.uexp" 1312
"C:/Users/simje/Documents/Unreal Projects/Bomb-Jack-Remake/Content/Object/Coin/textures/T_CoinBaseColor.ubulk" 1313
"C:/Users/simje/Documents/Unreal Projects/Bomb-Jack-Remake/Content/Object/Coin/textures/T_CoinBaseColor.uasset" 1314
"C:/Users/simje/Documents/Unreal Projects/Bomb-Jack-Remake/Content/Object/Coin/textures/T_CoinBaseColor.uexp" 1315
"C:/Users/simje/Documents/Unreal Projects/Bomb-Jack-Remake/Content/Object/Coin/textures/T_CoinMetallic.ubulk" 1316
"C:/Users/simje/Documents/Unreal Projects/Bomb-Jack-Remake/Content/Object/Coin/textures/T_CoinMetallic.uasset" 1317
"C:/Users/simje/Documents/Unreal Projects/Bomb-Jack-Remake/Content/Object/Coin/textures/T_CoinMetallic.uexp" 1318
"C:/Users/simje/Documents/Unreal Projects/Bomb-Jack-Remake/Content/Object/Coin/textures/T_CoinNormal.ubulk" 1319
"C:/Users/simje/Documents/Unreal Projects/Bomb-Jack-Remake/Content/Object/Coin/textures/T_CoinNormal.uasset" 1320
"C:/Users/simje/Documents/Unreal Projects/Bomb-Jack-Remake/Content/Object/Coin/textures/T_CoinNormal.uexp" 1321
"C:/Users/simje/Documents/Unreal Projects/Bomb-Jack-Remake/Content/Object/Coin/textures/T_CoinRoughness.ubulk" 1322
"C:/Users/simje/Documents/Unreal Projects/Bomb-Jack-Remake/Content/Object/Coin/textures/T_CoinRoughness.uasset" 1323
"C:/Users/simje/Documents/Unreal Projects/Bomb-Jack-Remake/Content/Object/Coin/textures/T_CoinRoughness.uexp" 1324
"C:/Users/simje/Documents/Unreal Projects/Bomb-Jack-Remake/Content/Object/Coin/material/T_CoinBaseColor_001_Mat.uasset" 1325
"C:/Users/simje/Documents/Unreal Projects/Bomb-Jack-Remake/Content/Object/Coin/material/T_CoinBaseColor_001_Mat.uexp" 1326
"C:/Users/simje/Documents/Unreal Projects/Bomb-Jack-Remake/Content/Object/Coin/meshes/SM_Coin.ubulk" 1327
"C:/Users/simje/Documents/Unreal Projects/Bomb-Jack-Remake/Content/Object/Coin/meshes/SM_Coin.uasset" 1328
"C:/Users/simje/Documents/Unreal Projects/Bomb-Jack-Remake/Content/Object/Coin/meshes/SM_Coin.uexp" 1329
"C:/Users/simje/Documents/Unreal Projects/Bomb-Jack-Remake/Content/Object/Coin/Audio/SC_CoinPickup.uasset" 1330
"C:/Users/simje/Documents/Unreal Projects/Bomb-Jack-Remake/Content/Object/Coin/Audio/SC_CoinPickup.uexp" 1331
"C:/Users/simje/Documents/Unreal Projects/Bomb-Jack-Remake/Content/Object/Coin/Audio/SW_CoinFountain.ubulk" 1332
"C:/Users/simje/Documents/Unreal Projects/Bomb-Jack-Remake/Content/Object/Coin/Audio/SW_CoinFountain.uasset" 1333
"C:/Users/simje/Documents/Unreal Projects/Bomb-Jack-Remake/Content/Object/Coin/Audio/SW_CoinFountain.uexp" 1334
"C:/Users/simje/Documents/Unreal Projects/Bomb-Jack-Remake/Content/Object/Coin/BP_Coin.uasset" 1335
"C:/Users/simje/Documents/Unreal Projects/Bomb-Jack-Remake/Content/Object/Coin/BP_Coin.uexp" 1336
"C:/Users/simje/Documents/Unreal Projects/Bomb-Jack-Remake/Content/Object/Coin/BP_CoinSplosion.uasset" 1337
"C:/Users/simje/Documents/Unreal Projects/Bomb-Jack-Remake/Content/Object/Coin/BP_CoinSplosion.uexp" 1338
"C:/Users/simje/Documents/Unreal Projects/Bomb-Jack-Remake/Content/Object/Chest/Audio/SW_ChestBreaking.ubulk" 1339
"C:/Users/simje/Documents/Unreal Projects/Bomb-Jack-Remake/Content/Object/Chest/Audio/SW_ChestBreaking.uasset" 1340
"C:/Users/simje/Documents/Unreal Projects/Bomb-Jack-Remake/Content/Object/Chest/Audio/SW_ChestBreaking.uexp" 1341
"C:/Users/simje/Documents/Unreal Projects/Bomb-Jack-Remake/Content/Object/Chest/BP_CoinChest.uasset" 1342
"C:/Users/simje/Documents/Unreal Projects/Bomb-Jack-Remake/Content/Object/Chest/BP_CoinChest.uexp" 1343
"C:/Users/simje/Documents/Unreal Projects/Bomb-Jack-Remake/Content/Object/Floor/CloudP/M_Cloud.uasset" 1344
"C:/Users/simje/Documents/Unreal Projects/Bomb-Jack-Remake/Content/Object/Floor/CloudP/M_Cloud.uexp" 1345
"C:/Users/simje/Documents/Unreal Projects/Bomb-Jack-Remake/Content/Object/Floor/CloudP/MI_Cloud.uasset" 1346
"C:/Users/simje/Documents/Unreal Projects/Bomb-Jack-Remake/Content/Object/Floor/CloudP/MI_Cloud.uexp" 1347
"C:/Users/simje/Documents/Unreal Projects/Bomb-Jack-Remake/Content/Object/Floor/CloudP/SM_CloudPlane.ubulk" 1348
"C:/Users/simje/Documents/Unreal Projects/Bomb-Jack-Remake/Content/Object/Floor/CloudP/SM_CloudPlane.uasset" 1349
"C:/Users/simje/Documents/Unreal Projects/Bomb-Jack-Remake/Content/Object/Floor/CloudP/SM_CloudPlane.uexp" 1350
"C:/Users/simje/Documents/Unreal Projects/Bomb-Jack-Remake/Content/Object/Floor/BP_PitOfDespair.uasset" 1351
"C:/Users/simje/Documents/Unreal Projects/Bomb-Jack-Remake/Content/Object/Floor/BP_PitOfDespair.uexp" 1352
"C:/Users/simje/Documents/Unreal Projects/Bomb-Jack-Remake/Content/Object/Platform/SM_MovingPlatform/Textures/T_Movingplatform_Color.ubulk" 1353
"C:/Users/simje/Documents/Unreal Projects/Bomb-Jack-Remake/Content/Object/Platform/SM_MovingPlatform/Textures/T_Movingplatform_Color.uasset" 1354
"C:/Users/simje/Documents/Unreal Projects/Bomb-Jack-Remake/Content/Object/Platform/SM_MovingPlatform/Textures/T_Movingplatform_Color.uexp" 1355
"C:/Users/simje/Documents/Unreal Projects/Bomb-Jack-Remake/Content/Object/Platform/SM_MovingPlatform/Textures/T_Movingplatform_Normal.ubulk" 1356
"C:/Users/simje/Documents/Unreal Projects/Bomb-Jack-Remake/Content/Object/Platform/SM_MovingPlatform/Textures/T_Movingplatform_Normal.uasset" 1357
"C:/Users/simje/Documents/Unreal Projects/Bomb-Jack-Remake/Content/Object/Platform/SM_MovingPlatform/Textures/T_Movingplatform_Normal.uexp" 1358
"C:/Users/simje/Documents/Unreal Projects/Bomb-Jack-Remake/Content/Object/Platform/SM_MovingPlatform/Materials/MI_Stylized_MP.uasset" 1359
"C:/Users/simje/Documents/Unreal Projects/Bomb-Jack-Remake/Content/Object/Platform/SM_MovingPlatform/Materials/MI_Stylized_MP.uexp" 1360
"C:/Users/simje/Documents/Unreal Projects/Bomb-Jack-Remake/Content/Object/Platform/SM_MovingPlatform/Textures/T_MP_blue_Emit.ubulk" 1361
"C:/Users/simje/Documents/Unreal Projects/Bomb-Jack-Remake/Content/Object/Platform/SM_MovingPlatform/Textures/T_MP_blue_Emit.uasset" 1362
"C:/Users/simje/Documents/Unreal Projects/Bomb-Jack-Remake/Content/Object/Platform/SM_MovingPlatform/Textures/T_MP_blue_Emit.uexp" 1363
"C:/Users/simje/Documents/Unreal Projects/Bomb-Jack-Remake/Content/Object/Platform/SM_MovingPlatform/Materials/MI_color_blue_Emit.uasset" 1364
"C:/Users/simje/Documents/Unreal Projects/Bomb-Jack-Remake/Content/Object/Platform/SM_MovingPlatform/Materials/MI_color_blue_Emit.uexp" 1365
"C:/Users/simje/Documents/Unreal Projects/Bomb-Jack-Remake/Content/Object/Platform/SM_MovingPlatform/StaticMeshes/SM_MovingPlatform.ubulk" 1366
"C:/Users/simje/Documents/Unreal Projects/Bomb-Jack-Remake/Content/Object/Platform/SM_MovingPlatform/StaticMeshes/SM_MovingPlatform.uasset" 1367
"C:/Users/simje/Documents/Unreal Projects/Bomb-Jack-Remake/Content/Object/Platform/SM_MovingPlatform/StaticMeshes/SM_MovingPlatform.uexp" 1368
"C:/Users/simje/Documents/Unreal Projects/Bomb-Jack-Remake/Content/Object/Platform/BP_PlatformParent.uasset" 1369
"C:/Users/simje/Documents/Unreal Projects/Bomb-Jack-Remake/Content/Object/Platform/BP_PlatformParent.uexp" 1370
"C:/Users/simje/Documents/Unreal Projects/Bomb-Jack-Remake/Content/Object/Platform/BP_AndreasMovingPlatform.uasset" 1371
"C:/Users/simje/Documents/Unreal Projects/Bomb-Jack-Remake/Content/Object/Platform/BP_AndreasMovingPlatform.uexp" 1372
"../../../Engine/Content/EngineMaterials/BlendFunc_DefBase.uasset" 1373
"../../../Engine/Content/EngineMaterials/BlendFunc_DefBase.uexp" 1374
"../../../Engine/Content/EngineMaterials/BlendFunc_DefBlend.uasset" 1375
"../../../Engine/Content/EngineMaterials/BlendFunc_DefBlend.uexp" 1376
"../../../Engine/Content/Functions/Engine_MaterialFunctions03/Blends/Blend_Screen.uasset" 1377
"../../../Engine/Content/Functions/Engine_MaterialFunctions03/Blends/Blend_Screen.uexp" 1378
"../../../Engine/Content/Functions/Engine_MaterialFunctions01/Coordinates/LongLatToUV.uasset" 1379
"../../../Engine/Content/Functions/Engine_MaterialFunctions01/Coordinates/LongLatToUV.uexp" 1380
"../../../Engine/Content/Functions/Engine_MaterialFunctions02/Fresnel_Function.uasset" 1381
"../../../Engine/Content/Functions/Engine_MaterialFunctions02/Fresnel_Function.uexp" 1382
"C:/Users/simje/Documents/Unreal Projects/Bomb-Jack-Remake/Content/VFX/Texture/T_Galaxy_GS.ubulk" 1383
"C:/Users/simje/Documents/Unreal Projects/Bomb-Jack-Remake/Content/VFX/Texture/T_Galaxy_GS.uasset" 1384
"C:/Users/simje/Documents/Unreal Projects/Bomb-Jack-Remake/Content/VFX/Texture/T_Galaxy_GS.uexp" 1385
"C:/Users/simje/Documents/Unreal Projects/Bomb-Jack-Remake/Content/VFX/Materials/M_Galaxy.uasset" 1386
"C:/Users/simje/Documents/Unreal Projects/Bomb-Jack-Remake/Content/VFX/Materials/M_Galaxy.uexp" 1387
"C:/Users/simje/Documents/Unreal Projects/Bomb-Jack-Remake/Content/VFX/Materials/MI_Galaxy.uasset" 1388
"C:/Users/simje/Documents/Unreal Projects/Bomb-Jack-Remake/Content/VFX/Materials/MI_Galaxy.uexp" 1389
"C:/Users/simje/Documents/Unreal Projects/Bomb-Jack-Remake/Content/VFX/Materials/M_PostProcessForBombVisibility.uasset" 1390
"C:/Users/simje/Documents/Unreal Projects/Bomb-Jack-Remake/Content/VFX/Materials/M_PostProcessForBombVisibility.uexp" 1391
"C:/Users/simje/Documents/Unreal Projects/Bomb-Jack-Remake/Content/Object/Pillar/textures/T_Pillar_basecolor.ubulk" 1392
"C:/Users/simje/Documents/Unreal Projects/Bomb-Jack-Remake/Content/Object/Pillar/textures/T_Pillar_basecolor.uasset" 1393
"C:/Users/simje/Documents/Unreal Projects/Bomb-Jack-Remake/Content/Object/Pillar/textures/T_Pillar_basecolor.uexp" 1394
"C:/Users/simje/Documents/Unreal Projects/Bomb-Jack-Remake/Content/Object/Pillar/textures/T_Pillar_metallic.ubulk" 1395
"C:/Users/simje/Documents/Unreal Projects/Bomb-Jack-Remake/Content/Object/Pillar/textures/T_Pillar_metallic.uasset" 1396
"C:/Users/simje/Documents/Unreal Projects/Bomb-Jack-Remake/Content/Object/Pillar/textures/T_Pillar_metallic.uexp" 1397
"C:/Users/simje/Documents/Unreal Projects/Bomb-Jack-Remake/Content/Object/Pillar/textures/T_Pillar_normal.ubulk" 1398
"C:/Users/simje/Documents/Unreal Projects/Bomb-Jack-Remake/Content/Object/Pillar/textures/T_Pillar_normal.uasset" 1399
"C:/Users/simje/Documents/Unreal Projects/Bomb-Jack-Remake/Content/Object/Pillar/textures/T_Pillar_normal.uexp" 1400
"C:/Users/simje/Documents/Unreal Projects/Bomb-Jack-Remake/Content/Object/Pillar/textures/T_Pillar_roughness.ubulk" 1401
"C:/Users/simje/Documents/Unreal Projects/Bomb-Jack-Remake/Content/Object/Pillar/textures/T_Pillar_roughness.uasset" 1402
"C:/Users/simje/Documents/Unreal Projects/Bomb-Jack-Remake/Content/Object/Pillar/textures/T_Pillar_roughness.uexp" 1403
"C:/Users/simje/Documents/Unreal Projects/Bomb-Jack-Remake/Content/Object/Pillar/materials/M_Pillar_basecolor.uasset" 1404
"C:/Users/simje/Documents/Unreal Projects/Bomb-Jack-Remake/Content/Object/Pillar/materials/M_Pillar_basecolor.uexp" 1405
"C:/Users/simje/Documents/Unreal Projects/Bomb-Jack-Remake/Content/Object/Pillar/materials/M_Pillar_normal.uasset" 1406
"C:/Users/simje/Documents/Unreal Projects/Bomb-Jack-Remake/Content/Object/Pillar/materials/M_Pillar_normal.uexp" 1407
"C:/Users/simje/Documents/Unreal Projects/Bomb-Jack-Remake/Content/Object/Pillar/meshes/SM_Pillar.ubulk" 1408
"C:/Users/simje/Documents/Unreal Projects/Bomb-Jack-Remake/Content/Object/Pillar/meshes/SM_Pillar.uasset" 1409
"C:/Users/simje/Documents/Unreal Projects/Bomb-Jack-Remake/Content/Object/Pillar/meshes/SM_Pillar.uexp" 1410
"C:/Users/simje/Documents/Unreal Projects/Bomb-Jack-Remake/Content/Object/Floor/SM_Floor_Basic/Textures/T_Floor_Basic_LOD0_prep_Color.ubulk" 1411
"C:/Users/simje/Documents/Unreal Projects/Bomb-Jack-Remake/Content/Object/Floor/SM_Floor_Basic/Textures/T_Floor_Basic_LOD0_prep_Color.uasset" 1412
"C:/Users/simje/Documents/Unreal Projects/Bomb-Jack-Remake/Content/Object/Floor/SM_Floor_Basic/Textures/T_Floor_Basic_LOD0_prep_Color.uexp" 1413
"C:/Users/simje/Documents/Unreal Projects/Bomb-Jack-Remake/Content/Object/Floor/SM_Floor_Basic/Textures/T_Floor_Basic_LOD0_prep_Normal.ubulk" 1414
"C:/Users/simje/Documents/Unreal Projects/Bomb-Jack-Remake/Content/Object/Floor/SM_Floor_Basic/Textures/T_Floor_Basic_LOD0_prep_Normal.uasset" 1415
"C:/Users/simje/Documents/Unreal Projects/Bomb-Jack-Remake/Content/Object/Floor/SM_Floor_Basic/Textures/T_Floor_Basic_LOD0_prep_Normal.uexp" 1416
"C:/Users/simje/Documents/Unreal Projects/Bomb-Jack-Remake/Content/Object/Floor/SM_Floor_Basic/Materials/MI_Stylized_Basic_floor.uasset" 1417
"C:/Users/simje/Documents/Unreal Projects/Bomb-Jack-Remake/Content/Object/Floor/SM_Floor_Basic/Materials/MI_Stylized_Basic_floor.uexp" 1418
"C:/Users/simje/Documents/Unreal Projects/Bomb-Jack-Remake/Content/Object/Floor/SM_Floor_Basic/StaticMeshes/SM_Floor_Basic.ubulk" 1419
"C:/Users/simje/Documents/Unreal Projects/Bomb-Jack-Remake/Content/Object/Floor/SM_Floor_Basic/StaticMeshes/SM_Floor_Basic.uasset" 1420
"C:/Users/simje/Documents/Unreal Projects/Bomb-Jack-Remake/Content/Object/Floor/SM_Floor_Basic/StaticMeshes/SM_Floor_Basic.uexp" 1421
"C:/Users/simje/Documents/Unreal Projects/Bomb-Jack-Remake/Content/Object/Floor/SM_Floor_Curved/Textures/T_Floor_Curve_LOD0_prep_Color.ubulk" 1422
"C:/Users/simje/Documents/Unreal Projects/Bomb-Jack-Remake/Content/Object/Floor/SM_Floor_Curved/Textures/T_Floor_Curve_LOD0_prep_Color.uasset" 1423
"C:/Users/simje/Documents/Unreal Projects/Bomb-Jack-Remake/Content/Object/Floor/SM_Floor_Curved/Textures/T_Floor_Curve_LOD0_prep_Color.uexp" 1424
"C:/Users/simje/Documents/Unreal Projects/Bomb-Jack-Remake/Content/Object/Floor/SM_Floor_Curved/Textures/T_Floor_Curve_LOD0_prep_Normal.ubulk" 1425
"C:/Users/simje/Documents/Unreal Projects/Bomb-Jack-Remake/Content/Object/Floor/SM_Floor_Curved/Textures/T_Floor_Curve_LOD0_prep_Normal.uasset" 1426
"C:/Users/simje/Documents/Unreal Projects/Bomb-Jack-Remake/Content/Object/Floor/SM_Floor_Curved/Textures/T_Floor_Curve_LOD0_prep_Normal.uexp" 1427
"C:/Users/simje/Documents/Unreal Projects/Bomb-Jack-Remake/Content/Object/Floor/SM_Floor_Curved/Materials/MI_Stylized_Curved_floor.uasset" 1428
"C:/Users/simje/Documents/Unreal Projects/Bomb-Jack-Remake/Content/Object/Floor/SM_Floor_Curved/Materials/MI_Stylized_Curved_floor.uexp" 1429
"C:/Users/simje/Documents/Unreal Projects/Bomb-Jack-Remake/Content/Object/Floor/SM_Floor_Curved/StaticMeshes/SM_Floor_Curved.ubulk" 1430
"C:/Users/simje/Documents/Unreal Projects/Bomb-Jack-Remake/Content/Object/Floor/SM_Floor_Curved/StaticMeshes/SM_Floor_Curved.uasset" 1431
"C:/Users/simje/Documents/Unreal Projects/Bomb-Jack-Remake/Content/Object/Floor/SM_Floor_Curved/StaticMeshes/SM_Floor_Curved.uexp" 1432
"C:/Users/simje/Documents/Unreal Projects/Bomb-Jack-Remake/Content/Object/Floor/SM_SandPlane/Textures/T_SandPlane_diff.ubulk" 1433
"C:/Users/simje/Documents/Unreal Projects/Bomb-Jack-Remake/Content/Object/Floor/SM_SandPlane/Textures/T_SandPlane_diff.uasset" 1434
"C:/Users/simje/Documents/Unreal Projects/Bomb-Jack-Remake/Content/Object/Floor/SM_SandPlane/Textures/T_SandPlane_diff.uexp" 1435
"C:/Users/simje/Documents/Unreal Projects/Bomb-Jack-Remake/Content/Object/Floor/SM_SandPlane/Textures/T_SandPlane_normal.ubulk" 1436
"C:/Users/simje/Documents/Unreal Projects/Bomb-Jack-Remake/Content/Object/Floor/SM_SandPlane/Textures/T_SandPlane_normal.uasset" 1437
"C:/Users/simje/Documents/Unreal Projects/Bomb-Jack-Remake/Content/Object/Floor/SM_SandPlane/Textures/T_SandPlane_normal.uexp" 1438
"C:/Users/simje/Documents/Unreal Projects/Bomb-Jack-Remake/Content/Object/Floor/SM_SandPlane/Materials/MI_SandPlane.uasset" 1439
"C:/Users/simje/Documents/Unreal Projects/Bomb-Jack-Remake/Content/Object/Floor/SM_SandPlane/Materials/MI_SandPlane.uexp" 1440
"C:/Users/simje/Documents/Unreal Projects/Bomb-Jack-Remake/Content/Object/Floor/SM_SandPlane/StaticMeshes/SM_SandPlane.ubulk" 1441
"C:/Users/simje/Documents/Unreal Projects/Bomb-Jack-Remake/Content/Object/Floor/SM_SandPlane/StaticMeshes/SM_SandPlane.uasset" 1442
"C:/Users/simje/Documents/Unreal Projects/Bomb-Jack-Remake/Content/Object/Floor/SM_SandPlane/StaticMeshes/SM_SandPlane.uexp" 1443
"C:/Users/simje/Documents/Unreal Projects/Bomb-Jack-Remake/Content/Object/Floor/SM_Stair_/Textures/T_stairs_LOD0_prep_Color.ubulk" 1444
"C:/Users/simje/Documents/Unreal Projects/Bomb-Jack-Remake/Content/Object/Floor/SM_Stair_/Textures/T_stairs_LOD0_prep_Color.uasset" 1445
"C:/Users/simje/Documents/Unreal Projects/Bomb-Jack-Remake/Content/Object/Floor/SM_Stair_/Textures/T_stairs_LOD0_prep_Color.uexp" 1446
"C:/Users/simje/Documents/Unreal Projects/Bomb-Jack-Remake/Content/Object/Floor/SM_Stair_/Materials/MI_Stylized_Stairs.uasset" 1447
"C:/Users/simje/Documents/Unreal Projects/Bomb-Jack-Remake/Content/Object/Floor/SM_Stair_/Materials/MI_Stylized_Stairs.uexp" 1448
"C:/Users/simje/Documents/Unreal Projects/Bomb-Jack-Remake/Content/Object/Floor/SM_Stair_/StaticMeshes/SM_Stair_.ubulk" 1449
"C:/Users/simje/Documents/Unreal Projects/Bomb-Jack-Remake/Content/Object/Floor/SM_Stair_/StaticMeshes/SM_Stair_.uasset" 1450
"C:/Users/simje/Documents/Unreal Projects/Bomb-Jack-Remake/Content/Object/Floor/SM_Stair_/StaticMeshes/SM_Stair_.uexp" 1451
"C:/Users/simje/Documents/Unreal Projects/Bomb-Jack-Remake/Content/Object/Floor/SM_Stylized_Arena_Platform_/Textures/T_arena_prep_Color.ubulk" 1452
"C:/Users/simje/Documents/Unreal Projects/Bomb-Jack-Remake/Content/Object/Floor/SM_Stylized_Arena_Platform_/Textures/T_arena_prep_Color.uasset" 1453
"C:/Users/simje/Documents/Unreal Projects/Bomb-Jack-Remake/Content/Object/Floor/SM_Stylized_Arena_Platform_/Textures/T_arena_prep_Color.uexp" 1454
"C:/Users/simje/Documents/Unreal Projects/Bomb-Jack-Remake/Content/Object/Floor/SM_Stylized_Arena_Platform_/Textures/T_arena_prep_Metallic-T_arena_prep_Roughness.ubulk" 1455
"C:/Users/simje/Documents/Unreal Projects/Bomb-Jack-Remake/Content/Object/Floor/SM_Stylized_Arena_Platform_/Textures/T_arena_prep_Metallic-T_arena_prep_Roughness.uasset" 1456
"C:/Users/simje/Documents/Unreal Projects/Bomb-Jack-Remake/Content/Object/Floor/SM_Stylized_Arena_Platform_/Textures/T_arena_prep_Metallic-T_arena_prep_Roughness.uexp" 1457
"C:/Users/simje/Documents/Unreal Projects/Bomb-Jack-Remake/Content/Object/Floor/SM_Stylized_Arena_Platform_/Textures/T_arena_prep_Normal.ubulk" 1458
"C:/Users/simje/Documents/Unreal Projects/Bomb-Jack-Remake/Content/Object/Floor/SM_Stylized_Arena_Platform_/Textures/T_arena_prep_Normal.uasset" 1459
"C:/Users/simje/Documents/Unreal Projects/Bomb-Jack-Remake/Content/Object/Floor/SM_Stylized_Arena_Platform_/Textures/T_arena_prep_Normal.uexp" 1460
"C:/Users/simje/Documents/Unreal Projects/Bomb-Jack-Remake/Content/Object/Floor/SM_Stylized_Arena_Platform_/Materials/MI_Stylized_Arena_big_platform.uasset" 1461
"C:/Users/simje/Documents/Unreal Projects/Bomb-Jack-Remake/Content/Object/Floor/SM_Stylized_Arena_Platform_/Materials/MI_Stylized_Arena_big_platform.uexp" 1462
"C:/Users/simje/Documents/Unreal Projects/Bomb-Jack-Remake/Content/Object/Floor/SM_Stylized_Arena_Platform_/Textures/T_BC_arena_pb_emit.ubulk" 1463
"C:/Users/simje/Documents/Unreal Projects/Bomb-Jack-Remake/Content/Object/Floor/SM_Stylized_Arena_Platform_/Textures/T_BC_arena_pb_emit.uasset" 1464
"C:/Users/simje/Documents/Unreal Projects/Bomb-Jack-Remake/Content/Object/Floor/SM_Stylized_Arena_Platform_/Textures/T_BC_arena_pb_emit.uexp" 1465
"C:/Users/simje/Documents/Unreal Projects/Bomb-Jack-Remake/Content/Object/Floor/SM_Stylized_Arena_Platform_/Materials/MI_Stylized_arena_big_platform_emit.uasset" 1466
"C:/Users/simje/Documents/Unreal Projects/Bomb-Jack-Remake/Content/Object/Floor/SM_Stylized_Arena_Platform_/Materials/MI_Stylized_arena_big_platform_emit.uexp" 1467
"C:/Users/simje/Documents/Unreal Projects/Bomb-Jack-Remake/Content/Object/Floor/SM_Stylized_Arena_Platform_/StaticMeshes/SM_Stylized_Arena_Platform_.ubulk" 1468
"C:/Users/simje/Documents/Unreal Projects/Bomb-Jack-Remake/Content/Object/Floor/SM_Stylized_Arena_Platform_/StaticMeshes/SM_Stylized_Arena_Platform_.uasset" 1469
"C:/Users/simje/Documents/Unreal Projects/Bomb-Jack-Remake/Content/Object/Floor/SM_Stylized_Arena_Platform_/StaticMeshes/SM_Stylized_Arena_Platform_.uexp" 1470
"C:/Users/simje/Documents/Unreal Projects/Bomb-Jack-Remake/Content/Object/Platform/SM_Scifi_Platform/Textures/T_Scifi_Platform_color.ubulk" 1471
"C:/Users/simje/Documents/Unreal Projects/Bomb-Jack-Remake/Content/Object/Platform/SM_Scifi_Platform/Textures/T_Scifi_Platform_color.uasset" 1472
"C:/Users/simje/Documents/Unreal Projects/Bomb-Jack-Remake/Content/Object/Platform/SM_Scifi_Platform/Textures/T_Scifi_Platform_color.uexp" 1473
"C:/Users/simje/Documents/Unreal Projects/Bomb-Jack-Remake/Content/Object/Platform/SM_Scifi_Platform/Textures/T_Scifi_Platform_Metallic_Roughness.ubulk" 1474
"C:/Users/simje/Documents/Unreal Projects/Bomb-Jack-Remake/Content/Object/Platform/SM_Scifi_Platform/Textures/T_Scifi_Platform_Metallic_Roughness.uasset" 1475
"C:/Users/simje/Documents/Unreal Projects/Bomb-Jack-Remake/Content/Object/Platform/SM_Scifi_Platform/Textures/T_Scifi_Platform_Metallic_Roughness.uexp" 1476
"C:/Users/simje/Documents/Unreal Projects/Bomb-Jack-Remake/Content/Object/Platform/SM_Scifi_Platform/Textures/T_Scifi_Platform_normal.ubulk" 1477
"C:/Users/simje/Documents/Unreal Projects/Bomb-Jack-Remake/Content/Object/Platform/SM_Scifi_Platform/Textures/T_Scifi_Platform_normal.uasset" 1478
"C:/Users/simje/Documents/Unreal Projects/Bomb-Jack-Remake/Content/Object/Platform/SM_Scifi_Platform/Textures/T_Scifi_Platform_normal.uexp" 1479
"C:/Users/simje/Documents/Unreal Projects/Bomb-Jack-Remake/Content/Object/Platform/SM_Scifi_Platform/Materials/MI_Stylized_Scifi_Platform.uasset" 1480
"C:/Users/simje/Documents/Unreal Projects/Bomb-Jack-Remake/Content/Object/Platform/SM_Scifi_Platform/Materials/MI_Stylized_Scifi_Platform.uexp" 1481
"C:/Users/simje/Documents/Unreal Projects/Bomb-Jack-Remake/Content/Object/Platform/SM_Scifi_Platform/StaticMeshes/SM_Scifi_Platform.ubulk" 1482
"C:/Users/simje/Documents/Unreal Projects/Bomb-Jack-Remake/Content/Object/Platform/SM_Scifi_Platform/StaticMeshes/SM_Scifi_Platform.uasset" 1483
"C:/Users/simje/Documents/Unreal Projects/Bomb-Jack-Remake/Content/Object/Platform/SM_Scifi_Platform/StaticMeshes/SM_Scifi_Platform.uexp" 1484
"C:/Users/simje/Documents/Unreal Projects/Bomb-Jack-Remake/Content/Object/Platform/SM_Stylized_pf_star/Textures/T_BC_black_PF.ubulk" 1485
"C:/Users/simje/Documents/Unreal Projects/Bomb-Jack-Remake/Content/Object/Platform/SM_Stylized_pf_star/Textures/T_BC_black_PF.uasset" 1486
"C:/Users/simje/Documents/Unreal Projects/Bomb-Jack-Remake/Content/Object/Platform/SM_Stylized_pf_star/Textures/T_BC_black_PF.uexp" 1487
"C:/Users/simje/Documents/Unreal Projects/Bomb-Jack-Remake/Content/Object/Platform/SM_Stylized_pf_star/Materials/MI_BC_black_pf_star.uasset" 1488
"C:/Users/simje/Documents/Unreal Projects/Bomb-Jack-Remake/Content/Object/Platform/SM_Stylized_pf_star/Materials/MI_BC_black_pf_star.uexp" 1489
"C:/Users/simje/Documents/Unreal Projects/Bomb-Jack-Remake/Content/Object/Platform/SM_Stylized_pf_star/Textures/T_color_yellow_PF_Emit.ubulk" 1490
"C:/Users/simje/Documents/Unreal Projects/Bomb-Jack-Remake/Content/Object/Platform/SM_Stylized_pf_star/Textures/T_color_yellow_PF_Emit.uasset" 1491
"C:/Users/simje/Documents/Unreal Projects/Bomb-Jack-Remake/Content/Object/Platform/SM_Stylized_pf_star/Textures/T_color_yellow_PF_Emit.uexp" 1492
"C:/Users/simje/Documents/Unreal Projects/Bomb-Jack-Remake/Content/Object/Platform/SM_Stylized_pf_star/Materials/MI_BC_yellow_star_pf_emit.uasset" 1493
"C:/Users/simje/Documents/Unreal Projects/Bomb-Jack-Remake/Content/Object/Platform/SM_Stylized_pf_star/Materials/MI_BC_yellow_star_pf_emit.uexp" 1494
"C:/Users/simje/Documents/Unreal Projects/Bomb-Jack-Remake/Content/Object/Platform/SM_Stylized_pf_star/Textures/T_SM_PF_prep_Color.ubulk" 1495
"C:/Users/simje/Documents/Unreal Projects/Bomb-Jack-Remake/Content/Object/Platform/SM_Stylized_pf_star/Textures/T_SM_PF_prep_Color.uasset" 1496
"C:/Users/simje/Documents/Unreal Projects/Bomb-Jack-Remake/Content/Object/Platform/SM_Stylized_pf_star/Textures/T_SM_PF_prep_Color.uexp" 1497
"C:/Users/simje/Documents/Unreal Projects/Bomb-Jack-Remake/Content/Object/Platform/SM_Stylized_pf_star/Textures/T_SM_PF_prep_Metallic.ubulk" 1498
"C:/Users/simje/Documents/Unreal Projects/Bomb-Jack-Remake/Content/Object/Platform/SM_Stylized_pf_star/Textures/T_SM_PF_prep_Metallic.uasset" 1499
"C:/Users/simje/Documents/Unreal Projects/Bomb-Jack-Remake/Content/Object/Platform/SM_Stylized_pf_star/Textures/T_SM_PF_prep_Metallic.uexp" 1500
"C:/Users/simje/Documents/Unreal Projects/Bomb-Jack-Remake/Content/Object/Platform/SM_Stylized_pf_star/Textures/T_SM_PF_prep_Normal.ubulk" 1501
"C:/Users/simje/Documents/Unreal Projects/Bomb-Jack-Remake/Content/Object/Platform/SM_Stylized_pf_star/Textures/T_SM_PF_prep_Normal.uasset" 1502
"C:/Users/simje/Documents/Unreal Projects/Bomb-Jack-Remake/Content/Object/Platform/SM_Stylized_pf_star/Textures/T_SM_PF_prep_Normal.uexp" 1503
"C:/Users/simje/Documents/Unreal Projects/Bomb-Jack-Remake/Content/Object/Platform/SM_Stylized_pf_star/Materials/MI_stylized_star_platform_color.uasset" 1504
"C:/Users/simje/Documents/Unreal Projects/Bomb-Jack-Remake/Content/Object/Platform/SM_Stylized_pf_star/Materials/MI_stylized_star_platform_color.uexp" 1505
"C:/Users/simje/Documents/Unreal Projects/Bomb-Jack-Remake/Content/Object/Platform/SM_Stylized_pf_star/Textures/T_BC_yellow_metal_star_PF_Color.ubulk" 1506
"C:/Users/simje/Documents/Unreal Projects/Bomb-Jack-Remake/Content/Object/Platform/SM_Stylized_pf_star/Textures/T_BC_yellow_metal_star_PF_Color.uasset" 1507
"C:/Users/simje/Documents/Unreal Projects/Bomb-Jack-Remake/Content/Object/Platform/SM_Stylized_pf_star/Textures/T_BC_yellow_metal_star_PF_Color.uexp" 1508
"C:/Users/simje/Documents/Unreal Projects/Bomb-Jack-Remake/Content/Object/Platform/SM_Stylized_pf_star/Textures/T_BC_yello_star_PF_prep_Metallic.ubulk" 1509
"C:/Users/simje/Documents/Unreal Projects/Bomb-Jack-Remake/Content/Object/Platform/SM_Stylized_pf_star/Textures/T_BC_yello_star_PF_prep_Metallic.uasset" 1510
"C:/Users/simje/Documents/Unreal Projects/Bomb-Jack-Remake/Content/Object/Platform/SM_Stylized_pf_star/Textures/T_BC_yello_star_PF_prep_Metallic.uexp" 1511
"C:/Users/simje/Documents/Unreal Projects/Bomb-Jack-Remake/Content/Object/Platform/SM_Stylized_pf_star/Materials/MI_yellow_star_metallic.uasset" 1512
"C:/Users/simje/Documents/Unreal Projects/Bomb-Jack-Remake/Content/Object/Platform/SM_Stylized_pf_star/Materials/MI_yellow_star_metallic.uexp" 1513
"C:/Users/simje/Documents/Unreal Projects/Bomb-Jack-Remake/Content/Object/Platform/SM_Stylized_pf_star/StaticMeshes/SM_Stylized_pf_star.ubulk" 1514
"C:/Users/simje/Documents/Unreal Projects/Bomb-Jack-Remake/Content/Object/Platform/SM_Stylized_pf_star/StaticMeshes/SM_Stylized_pf_star.uasset" 1515
"C:/Users/simje/Documents/Unreal Projects/Bomb-Jack-Remake/Content/Object/Platform/SM_Stylized_pf_star/StaticMeshes/SM_Stylized_pf_star.uexp" 1516
"C:/Users/simje/Documents/Unreal Projects/Bomb-Jack-Remake/Content/Object/Stone/Rocks/Texture/T_rock_1_prep_Color.ubulk" 1517
"C:/Users/simje/Documents/Unreal Projects/Bomb-Jack-Remake/Content/Object/Stone/Rocks/Texture/T_rock_1_prep_Color.uasset" 1518
"C:/Users/simje/Documents/Unreal Projects/Bomb-Jack-Remake/Content/Object/Stone/Rocks/Texture/T_rock_1_prep_Color.uexp" 1519
"C:/Users/simje/Documents/Unreal Projects/Bomb-Jack-Remake/Content/Object/Stone/Rocks/Materials/MI_Stylized_rock_1.uasset" 1520
"C:/Users/simje/Documents/Unreal Projects/Bomb-Jack-Remake/Content/Object/Stone/Rocks/Materials/MI_Stylized_rock_1.uexp" 1521
"C:/Users/simje/Documents/Unreal Projects/Bomb-Jack-Remake/Content/Object/Stone/Rocks/Meshes/SM_Rock_1.ubulk" 1522
"C:/Users/simje/Documents/Unreal Projects/Bomb-Jack-Remake/Content/Object/Stone/Rocks/Meshes/SM_Rock_1.uasset" 1523
"C:/Users/simje/Documents/Unreal Projects/Bomb-Jack-Remake/Content/Object/Stone/Rocks/Meshes/SM_Rock_1.uexp" 1524
"C:/Users/simje/Documents/Unreal Projects/Bomb-Jack-Remake/Content/Object/Stone/Rocks/Texture/T_rock_2_prep_Color.ubulk" 1525
"C:/Users/simje/Documents/Unreal Projects/Bomb-Jack-Remake/Content/Object/Stone/Rocks/Texture/T_rock_2_prep_Color.uasset" 1526
"C:/Users/simje/Documents/Unreal Projects/Bomb-Jack-Remake/Content/Object/Stone/Rocks/Texture/T_rock_2_prep_Color.uexp" 1527
"C:/Users/simje/Documents/Unreal Projects/Bomb-Jack-Remake/Content/Object/Stone/Rocks/Materials/MI_Stylized_rock_2.uasset" 1528
"C:/Users/simje/Documents/Unreal Projects/Bomb-Jack-Remake/Content/Object/Stone/Rocks/Materials/MI_Stylized_rock_2.uexp" 1529
"C:/Users/simje/Documents/Unreal Projects/Bomb-Jack-Remake/Content/Object/Stone/Rocks/Meshes/SM_Rock_2.ubulk" 1530
"C:/Users/simje/Documents/Unreal Projects/Bomb-Jack-Remake/Content/Object/Stone/Rocks/Meshes/SM_Rock_2.uasset" 1531
"C:/Users/simje/Documents/Unreal Projects/Bomb-Jack-Remake/Content/Object/Stone/Rocks/Meshes/SM_Rock_2.uexp" 1532
"C:/Users/simje/Documents/Unreal Projects/Bomb-Jack-Remake/Content/Object/Stone/Rocks/Texture/T_rock_3_prep_Color.ubulk" 1533
"C:/Users/simje/Documents/Unreal Projects/Bomb-Jack-Remake/Content/Object/Stone/Rocks/Texture/T_rock_3_prep_Color.uasset" 1534
"C:/Users/simje/Documents/Unreal Projects/Bomb-Jack-Remake/Content/Object/Stone/Rocks/Texture/T_rock_3_prep_Color.uexp" 1535
"C:/Users/simje/Documents/Unreal Projects/Bomb-Jack-Remake/Content/Object/Stone/Rocks/Materials/MI_Stylized_rock_3.uasset" 1536
"C:/Users/simje/Documents/Unreal Projects/Bomb-Jack-Remake/Content/Object/Stone/Rocks/Materials/MI_Stylized_rock_3.uexp" 1537
"C:/Users/simje/Documents/Unreal Projects/Bomb-Jack-Remake/Content/Object/Stone/Rocks/Meshes/SM_Rock_3.ubulk" 1538
"C:/Users/simje/Documents/Unreal Projects/Bomb-Jack-Remake/Content/Object/Stone/Rocks/Meshes/SM_Rock_3.uasset" 1539
"C:/Users/simje/Documents/Unreal Projects/Bomb-Jack-Remake/Content/Object/Stone/Rocks/Meshes/SM_Rock_3.uexp" 1540
"C:/Users/simje/Documents/Unreal Projects/Bomb-Jack-Remake/Content/Object/Stone/Rocks/Texture/T_rock_4_prep_001_Color.ubulk" 1541
"C:/Users/simje/Documents/Unreal Projects/Bomb-Jack-Remake/Content/Object/Stone/Rocks/Texture/T_rock_4_prep_001_Color.uasset" 1542
"C:/Users/simje/Documents/Unreal Projects/Bomb-Jack-Remake/Content/Object/Stone/Rocks/Texture/T_rock_4_prep_001_Color.uexp" 1543
"C:/Users/simje/Documents/Unreal Projects/Bomb-Jack-Remake/Content/Object/Stone/Rocks/Materials/MI_Stylized_rock_4.uasset" 1544
"C:/Users/simje/Documents/Unreal Projects/Bomb-Jack-Remake/Content/Object/Stone/Rocks/Materials/MI_Stylized_rock_4.uexp" 1545
"C:/Users/simje/Documents/Unreal Projects/Bomb-Jack-Remake/Content/Object/Stone/Rocks/Meshes/SM_Rock_4.ubulk" 1546
"C:/Users/simje/Documents/Unreal Projects/Bomb-Jack-Remake/Content/Object/Stone/Rocks/Meshes/SM_Rock_4.uasset" 1547
"C:/Users/simje/Documents/Unreal Projects/Bomb-Jack-Remake/Content/Object/Stone/Rocks/Meshes/SM_Rock_4.uexp" 1548
"C:/Users/simje/Documents/Unreal Projects/Bomb-Jack-Remake/Content/Object/Wall/Basic_Wall/Textures/T_Basic_Wall_LOD0_final_Color.ubulk" 1549
"C:/Users/simje/Documents/Unreal Projects/Bomb-Jack-Remake/Content/Object/Wall/Basic_Wall/Textures/T_Basic_Wall_LOD0_final_Color.uasset" 1550
"C:/Users/simje/Documents/Unreal Projects/Bomb-Jack-Remake/Content/Object/Wall/Basic_Wall/Textures/T_Basic_Wall_LOD0_final_Color.uexp" 1551
"C:/Users/simje/Documents/Unreal Projects/Bomb-Jack-Remake/Content/Object/Wall/Basic_Wall/Textures/T_Basic_Wall_LOD0_final_NM.ubulk" 1552
"C:/Users/simje/Documents/Unreal Projects/Bomb-Jack-Remake/Content/Object/Wall/Basic_Wall/Textures/T_Basic_Wall_LOD0_final_NM.uasset" 1553
"C:/Users/simje/Documents/Unreal Projects/Bomb-Jack-Remake/Content/Object/Wall/Basic_Wall/Textures/T_Basic_Wall_LOD0_final_NM.uexp" 1554
"C:/Users/simje/Documents/Unreal Projects/Bomb-Jack-Remake/Content/Object/Wall/Basic_Wall/Materials/MI_Stylized_Basic_Wall_.uasset" 1555
"C:/Users/simje/Documents/Unreal Projects/Bomb-Jack-Remake/Content/Object/Wall/Basic_Wall/Materials/MI_Stylized_Basic_Wall_.uexp" 1556
"C:/Users/simje/Documents/Unreal Projects/Bomb-Jack-Remake/Content/Object/Wall/Basic_Wall/StaticMeshes/SM_Basic_Wall.ubulk" 1557
"C:/Users/simje/Documents/Unreal Projects/Bomb-Jack-Remake/Content/Object/Wall/Basic_Wall/StaticMeshes/SM_Basic_Wall.uasset" 1558
"C:/Users/simje/Documents/Unreal Projects/Bomb-Jack-Remake/Content/Object/Wall/Basic_Wall/StaticMeshes/SM_Basic_Wall.uexp" 1559
"C:/Users/simje/Documents/Unreal Projects/Bomb-Jack-Remake/Content/Object/Wall/SM_Basic_Wall_Entry/Textures/T_Wall_Entry_LOD0_prep_Color.ubulk" 1560
"C:/Users/simje/Documents/Unreal Projects/Bomb-Jack-Remake/Content/Object/Wall/SM_Basic_Wall_Entry/Textures/T_Wall_Entry_LOD0_prep_Color.uasset" 1561
"C:/Users/simje/Documents/Unreal Projects/Bomb-Jack-Remake/Content/Object/Wall/SM_Basic_Wall_Entry/Textures/T_Wall_Entry_LOD0_prep_Color.uexp" 1562
"C:/Users/simje/Documents/Unreal Projects/Bomb-Jack-Remake/Content/Object/Wall/SM_Basic_Wall_Entry/Textures/T_Wall_Entry_LOD0_prep_Normal.ubulk" 1563
"C:/Users/simje/Documents/Unreal Projects/Bomb-Jack-Remake/Content/Object/Wall/SM_Basic_Wall_Entry/Textures/T_Wall_Entry_LOD0_prep_Normal.uasset" 1564
"C:/Users/simje/Documents/Unreal Projects/Bomb-Jack-Remake/Content/Object/Wall/SM_Basic_Wall_Entry/Textures/T_Wall_Entry_LOD0_prep_Normal.uexp" 1565
"C:/Users/simje/Documents/Unreal Projects/Bomb-Jack-Remake/Content/Object/Wall/SM_Basic_Wall_Entry/Materials/MI_Stylized_Basic_Entry.uasset" 1566
"C:/Users/simje/Documents/Unreal Projects/Bomb-Jack-Remake/Content/Object/Wall/SM_Basic_Wall_Entry/Materials/MI_Stylized_Basic_Entry.uexp" 1567
"C:/Users/simje/Documents/Unreal Projects/Bomb-Jack-Remake/Content/Object/Wall/SM_Basic_Wall_Entry/StaticMeshes/SM_Basic_Wall_Entry.ubulk" 1568
"C:/Users/simje/Documents/Unreal Projects/Bomb-Jack-Remake/Content/Object/Wall/SM_Basic_Wall_Entry/StaticMeshes/SM_Basic_Wall_Entry.uasset" 1569
"C:/Users/simje/Documents/Unreal Projects/Bomb-Jack-Remake/Content/Object/Wall/SM_Basic_Wall_Entry/StaticMeshes/SM_Basic_Wall_Entry.uexp" 1570
"C:/Users/simje/Documents/Unreal Projects/Bomb-Jack-Remake/Content/Object/Wall/SM_hedge_01/Textures/T_hedge_LOD0_prep_Color.ubulk" 1571
"C:/Users/simje/Documents/Unreal Projects/Bomb-Jack-Remake/Content/Object/Wall/SM_hedge_01/Textures/T_hedge_LOD0_prep_Color.uasset" 1572
"C:/Users/simje/Documents/Unreal Projects/Bomb-Jack-Remake/Content/Object/Wall/SM_hedge_01/Textures/T_hedge_LOD0_prep_Color.uexp" 1573
"C:/Users/simje/Documents/Unreal Projects/Bomb-Jack-Remake/Content/Object/Wall/SM_hedge_01/Textures/T_hedge_LOD0_prep_Normal.ubulk" 1574
"C:/Users/simje/Documents/Unreal Projects/Bomb-Jack-Remake/Content/Object/Wall/SM_hedge_01/Textures/T_hedge_LOD0_prep_Normal.uasset" 1575
"C:/Users/simje/Documents/Unreal Projects/Bomb-Jack-Remake/Content/Object/Wall/SM_hedge_01/Textures/T_hedge_LOD0_prep_Normal.uexp" 1576
"C:/Users/simje/Documents/Unreal Projects/Bomb-Jack-Remake/Content/Object/Wall/SM_hedge_01/Materials/MI_Stylized_Stone_Hedge.uasset" 1577
"C:/Users/simje/Documents/Unreal Projects/Bomb-Jack-Remake/Content/Object/Wall/SM_hedge_01/Materials/MI_Stylized_Stone_Hedge.uexp" 1578
"C:/Users/simje/Documents/Unreal Projects/Bomb-Jack-Remake/Content/Object/Wall/SM_hedge_01/StaticMeshes/SM_hedge_01.ubulk" 1579
"C:/Users/simje/Documents/Unreal Projects/Bomb-Jack-Remake/Content/Object/Wall/SM_hedge_01/StaticMeshes/SM_hedge_01.uasset" 1580
"C:/Users/simje/Documents/Unreal Projects/Bomb-Jack-Remake/Content/Object/Wall/SM_hedge_01/StaticMeshes/SM_hedge_01.uexp" 1581
"C:/Users/simje/Documents/Unreal Projects/Bomb-Jack-Remake/Content/Levels/Lvl_Main.uexp" 1582
"C:/Users/simje/Documents/Unreal Projects/Bomb-Jack-Remake/Content/Levels/Lvl_Main.umap" 1583
"C:/Users/simje/Documents/Unreal Projects/Bomb-Jack-Remake/Content/UI/T_BackgroundImage.uasset" 1584
"C:/Users/simje/Documents/Unreal Projects/Bomb-Jack-Remake/Content/UI/T_BackgroundImage.uexp" 1585
"C:/Users/simje/Documents/Unreal Projects/Bomb-Jack-Remake/Content/UI/T_BombieLogo.uasset" 1586
"C:/Users/simje/Documents/Unreal Projects/Bomb-Jack-Remake/Content/UI/T_BombieLogo.uexp" 1587
"C:/Users/simje/Documents/Unreal Projects/Bomb-Jack-Remake/Content/UI/WBP_Credits.uasset" 1588
"C:/Users/simje/Documents/Unreal Projects/Bomb-Jack-Remake/Content/UI/WBP_Credits.uexp" 1589
"C:/Users/simje/Documents/Unreal Projects/Bomb-Jack-Remake/Content/UI/WBP_OptionsMenu.uasset" 1590
"C:/Users/simje/Documents/Unreal Projects/Bomb-Jack-Remake/Content/UI/WBP_OptionsMenu.uexp" 1591
"C:/Users/simje/Documents/Unreal Projects/Bomb-Jack-Remake/Content/UI/WBP_MainMenu.uasset" 1592
"C:/Users/simje/Documents/Unreal Projects/Bomb-Jack-Remake/Content/UI/WBP_MainMenu.uexp" 1593
"C:/Users/simje/Documents/Unreal Projects/Bomb-Jack-Remake/Content/Audio/Music/SW_MenuTheme.ubulk" 1594
"C:/Users/simje/Documents/Unreal Projects/Bomb-Jack-Remake/Content/Audio/Music/SW_MenuTheme.uasset" 1595
"C:/Users/simje/Documents/Unreal Projects/Bomb-Jack-Remake/Content/Audio/Music/SW_MenuTheme.uexp" 1596
"C:/Users/simje/Documents/Unreal Projects/Bomb-Jack-Remake/Content/Object/BP_MainMenuGameMode.uasset" 1597
"C:/Users/simje/Documents/Unreal Projects/Bomb-Jack-Remake/Content/Object/BP_MainMenuGameMode.uexp" 1598
"C:/Users/simje/Documents/Unreal Projects/Bomb-Jack-Remake/Content/Levels/Lvl_MainMenu.uexp" 1599
"C:/Users/simje/Documents/Unreal Projects/Bomb-Jack-Remake/Content/Levels/Lvl_MainMenu.umap" 1600
"C:/Users/simje/Documents/Unreal Projects/Bomb-Jack-Remake/Content/Object/Wall/SM_Basic_Wall_Curved/Textures/T_Wall_Curved_LOD0_Prep_Color.ubulk" 1601
"C:/Users/simje/Documents/Unreal Projects/Bomb-Jack-Remake/Content/Object/Wall/SM_Basic_Wall_Curved/Textures/T_Wall_Curved_LOD0_Prep_Color.uasset" 1602
"C:/Users/simje/Documents/Unreal Projects/Bomb-Jack-Remake/Content/Object/Wall/SM_Basic_Wall_Curved/Textures/T_Wall_Curved_LOD0_Prep_Color.uexp" 1603
"C:/Users/simje/Documents/Unreal Projects/Bomb-Jack-Remake/Content/Object/Wall/SM_Basic_Wall_Curved/Textures/T_Wall_Curved_LOD0_Prep_Normal.ubulk" 1604
"C:/Users/simje/Documents/Unreal Projects/Bomb-Jack-Remake/Content/Object/Wall/SM_Basic_Wall_Curved/Textures/T_Wall_Curved_LOD0_Prep_Normal.uasset" 1605
"C:/Users/simje/Documents/Unreal Projects/Bomb-Jack-Remake/Content/Object/Wall/SM_Basic_Wall_Curved/Textures/T_Wall_Curved_LOD0_Prep_Normal.uexp" 1606
"C:/Users/simje/Documents/Unreal Projects/Bomb-Jack-Remake/Content/Object/Wall/SM_Basic_Wall_Curved/Materials/MI_Stylized_Wall_C.uasset" 1607
"C:/Users/simje/Documents/Unreal Projects/Bomb-Jack-Remake/Content/Object/Wall/SM_Basic_Wall_Curved/Materials/MI_Stylized_Wall_C.uexp" 1608
"C:/Users/simje/Documents/Unreal Projects/Bomb-Jack-Remake/Content/Object/Wall/SM_Basic_Wall_Curved/StaticMeshes/SM_Basic_Wall_Curved.ubulk" 1609
"C:/Users/simje/Documents/Unreal Projects/Bomb-Jack-Remake/Content/Object/Wall/SM_Basic_Wall_Curved/StaticMeshes/SM_Basic_Wall_Curved.uasset" 1610
"C:/Users/simje/Documents/Unreal Projects/Bomb-Jack-Remake/Content/Object/Wall/SM_Basic_Wall_Curved/StaticMeshes/SM_Basic_Wall_Curved.uexp" 1611
"C:/Users/simje/Documents/Unreal Projects/Bomb-Jack-Remake/Content/Object/Wall/SM_Basic_Edge/Textures/T_Basic_Edge_LOD0_Prep_Color.ubulk" 1612
"C:/Users/simje/Documents/Unreal Projects/Bomb-Jack-Remake/Content/Object/Wall/SM_Basic_Edge/Textures/T_Basic_Edge_LOD0_Prep_Color.uasset" 1613
"C:/Users/simje/Documents/Unreal Projects/Bomb-Jack-Remake/Content/Object/Wall/SM_Basic_Edge/Textures/T_Basic_Edge_LOD0_Prep_Color.uexp" 1614
"C:/Users/simje/Documents/Unreal Projects/Bomb-Jack-Remake/Content/Object/Wall/SM_Basic_Edge/Textures/T_Basic_Edge_LOD0_Prep_Normal.ubulk" 1615
"C:/Users/simje/Documents/Unreal Projects/Bomb-Jack-Remake/Content/Object/Wall/SM_Basic_Edge/Textures/T_Basic_Edge_LOD0_Prep_Normal.uasset" 1616
"C:/Users/simje/Documents/Unreal Projects/Bomb-Jack-Remake/Content/Object/Wall/SM_Basic_Edge/Textures/T_Basic_Edge_LOD0_Prep_Normal.uexp" 1617
"C:/Users/simje/Documents/Unreal Projects/Bomb-Jack-Remake/Content/Object/Wall/SM_Basic_Edge/Materials/MI_Stylized_Edge_wall.uasset" 1618
"C:/Users/simje/Documents/Unreal Projects/Bomb-Jack-Remake/Content/Object/Wall/SM_Basic_Edge/Materials/MI_Stylized_Edge_wall.uexp" 1619
"C:/Users/simje/Documents/Unreal Projects/Bomb-Jack-Remake/Content/Object/Wall/SM_Basic_Edge/StaticMeshes/SM_Basic_Edge.ubulk" 1620
"C:/Users/simje/Documents/Unreal Projects/Bomb-Jack-Remake/Content/Object/Wall/SM_Basic_Edge/StaticMeshes/SM_Basic_Edge.uasset" 1621
"C:/Users/simje/Documents/Unreal Projects/Bomb-Jack-Remake/Content/Object/Wall/SM_Basic_Edge/StaticMeshes/SM_Basic_Edge.uexp" 1622
"C:/Users/simje/Documents/Unreal Projects/Bomb-Jack-Remake/Content/Object/Wall/SM_Basic_S_Wall/Textures/T_Basic_S_Wall__prep_Color.ubulk" 1623
"C:/Users/simje/Documents/Unreal Projects/Bomb-Jack-Remake/Content/Object/Wall/SM_Basic_S_Wall/Textures/T_Basic_S_Wall__prep_Color.uasset" 1624
"C:/Users/simje/Documents/Unreal Projects/Bomb-Jack-Remake/Content/Object/Wall/SM_Basic_S_Wall/Textures/T_Basic_S_Wall__prep_Color.uexp" 1625
"C:/Users/simje/Documents/Unreal Projects/Bomb-Jack-Remake/Content/Object/Wall/SM_Basic_S_Wall/Textures/T_Basic_S_Wall__prep_Normal.ubulk" 1626
"C:/Users/simje/Documents/Unreal Projects/Bomb-Jack-Remake/Content/Object/Wall/SM_Basic_S_Wall/Textures/T_Basic_S_Wall__prep_Normal.uasset" 1627
"C:/Users/simje/Documents/Unreal Projects/Bomb-Jack-Remake/Content/Object/Wall/SM_Basic_S_Wall/Textures/T_Basic_S_Wall__prep_Normal.uexp" 1628
"C:/Users/simje/Documents/Unreal Projects/Bomb-Jack-Remake/Content/Object/Wall/SM_Basic_S_Wall/Materials/MI_Stylized_BVW.uasset" 1629
"C:/Users/simje/Documents/Unreal Projects/Bomb-Jack-Remake/Content/Object/Wall/SM_Basic_S_Wall/Materials/MI_Stylized_BVW.uexp" 1630
"C:/Users/simje/Documents/Unreal Projects/Bomb-Jack-Remake/Content/Object/Wall/SM_Basic_S_Wall/StaticMeshes/SM_Basic_S_Wall.ubulk" 1631
"C:/Users/simje/Documents/Unreal Projects/Bomb-Jack-Remake/Content/Object/Wall/SM_Basic_S_Wall/StaticMeshes/SM_Basic_S_Wall.uasset" 1632
"C:/Users/simje/Documents/Unreal Projects/Bomb-Jack-Remake/Content/Object/Wall/SM_Basic_S_Wall/StaticMeshes/SM_Basic_S_Wall.uexp" 1633
"C:/Users/simje/Documents/Unreal Projects/Bomb-Jack-Remake/Content/Object/Wall/SM_Basic_Vertex_Wall/Textures/T_Basic_Wall_Vertex_LOD0_Prep_Color.ubulk" 1634
"C:/Users/simje/Documents/Unreal Projects/Bomb-Jack-Remake/Content/Object/Wall/SM_Basic_Vertex_Wall/Textures/T_Basic_Wall_Vertex_LOD0_Prep_Color.uasset" 1635
"C:/Users/simje/Documents/Unreal Projects/Bomb-Jack-Remake/Content/Object/Wall/SM_Basic_Vertex_Wall/Textures/T_Basic_Wall_Vertex_LOD0_Prep_Color.uexp" 1636
"C:/Users/simje/Documents/Unreal Projects/Bomb-Jack-Remake/Content/Object/Wall/SM_Basic_Vertex_Wall/Textures/T_Basic_Wall_Vertex_LOD0_Prep_Normal.ubulk" 1637
"C:/Users/simje/Documents/Unreal Projects/Bomb-Jack-Remake/Content/Object/Wall/SM_Basic_Vertex_Wall/Textures/T_Basic_Wall_Vertex_LOD0_Prep_Normal.uasset" 1638
"C:/Users/simje/Documents/Unreal Projects/Bomb-Jack-Remake/Content/Object/Wall/SM_Basic_Vertex_Wall/Textures/T_Basic_Wall_Vertex_LOD0_Prep_Normal.uexp" 1639
"C:/Users/simje/Documents/Unreal Projects/Bomb-Jack-Remake/Content/Object/Wall/SM_Basic_Vertex_Wall/Materials/MI_Stylized_Vertex_Wall.uasset" 1640
"C:/Users/simje/Documents/Unreal Projects/Bomb-Jack-Remake/Content/Object/Wall/SM_Basic_Vertex_Wall/Materials/MI_Stylized_Vertex_Wall.uexp" 1641
"C:/Users/simje/Documents/Unreal Projects/Bomb-Jack-Remake/Content/Object/Wall/SM_Basic_Vertex_Wall/StaticMeshes/SM_Basic_Vertex_Wall.ubulk" 1642
"C:/Users/simje/Documents/Unreal Projects/Bomb-Jack-Remake/Content/Object/Wall/SM_Basic_Vertex_Wall/StaticMeshes/SM_Basic_Vertex_Wall.uasset" 1643
"C:/Users/simje/Documents/Unreal Projects/Bomb-Jack-Remake/Content/Object/Wall/SM_Basic_Vertex_Wall/StaticMeshes/SM_Basic_Vertex_Wall.uexp" 1644
"../../../Engine/Content/BasicShapes/Cube.ubulk" 1645
"../../../Engine/Content/BasicShapes/Cube.uasset" 1646
"../../../Engine/Content/BasicShapes/Cube.uexp" 1647
"C:/Users/simje/Documents/Unreal Projects/Bomb-Jack-Remake/Content/UI/WBP_Fade.uasset" 1648
"C:/Users/simje/Documents/Unreal Projects/Bomb-Jack-Remake/Content/UI/WBP_Fade.uexp" 1649
"C:/Users/simje/Documents/Unreal Projects/Bomb-Jack-Remake/Content/Object/LevelTransition/Materials/M_LevelTransition.uasset" 1650
"C:/Users/simje/Documents/Unreal Projects/Bomb-Jack-Remake/Content/Object/LevelTransition/Materials/M_LevelTransition.uexp" 1651
"C:/Users/simje/Documents/Unreal Projects/Bomb-Jack-Remake/Content/Object/LevelTransition/BP_LevelTransition.uasset" 1652
"C:/Users/simje/Documents/Unreal Projects/Bomb-Jack-Remake/Content/Object/LevelTransition/BP_LevelTransition.uexp" 1653
"C:/Users/simje/Documents/Unreal Projects/Bomb-Jack-Remake/Content/Levels/Lvl_Starter.uexp" 1654
"C:/Users/simje/Documents/Unreal Projects/Bomb-Jack-Remake/Content/Levels/Lvl_Starter.umap" 1655
